Betreiber,Anzeigename (Karte),Strasse,Hausnummer,Adresszusatz,Postleitzahl,Ort,Kreis/kreisfreie Stadt,Bundesland,Breitengrad,Laengengrad,Inbetriebnahmedatum,Nennleistung Ladeeinrichtung [kW],Art der Ladeeinrichtung,Anzahl Ladepunkte,Steckertypen1,P1 [kW],Public Key1,Steckertypen2,P2 [kW],Public Key2,Steckertypen3,P3 [kW],Public Key3,Steckertypen4,P4 [kW],Public Key4,Steckertypen5,P5 [kW],Public Key5,Steckertypen6,P6 [kW],Public Key6
Shell Deutschland GmbH,,Amsickstrasse,60,,20097.0,Hamburg,Kreisfreie Stadt Hamburg,Hamburg,53.543259,10.021737,2021-12-15,345,Schnellladeeinrichtung,1.0,DC Fahrzeugkupplung Typ Combo 2 (CCS); DC CHAdeMO,350,,,,,,,,,,,,,,,,
Shell Deutschland GmbH,,Amsickstrasse,60,,20097.0,Hamburg,Kreisfreie Stadt Hamburg,Hamburg,53.543259,10.021737,2021-12-15,345,Schnellladeeinrichtung,1.0,DC Fahrzeugkupplung Typ Combo 2 (CCS); DC CHAdeMO,345,,,,,,,,,,,,,,,,
JET Tankstellen Deutschland GmbH,,Amsinckstrasse,73,,20097.0,Hamburg,Kreisfreie Stadt Hamburg,Hamburg,53.542819,10.026279,2021-06-24,150,Schnellladeeinrichtung,2.0,DC Fahrzeugkupplung Typ Combo 2 (CCS),150,,DC Fahrzeugkupplung Typ Combo 2 (CCS),150,,,,,,,,,,,,,
NWG Charging GmbH,NWG Charging,Auf der Brandshofer Schleuse,4,,20097.0,Hamburg,Kreisfreie Stadt Hamburg,Hamburg,53.543119,10.014934,2022-05-16,180,Schnellladeeinrichtung,3.0,DC Fahrzeugkupplung Typ Combo 2 (CCS),180,,AC Typ 2 Steckdose,22,,DC Fahrzeugkupplung Typ Combo 2 (CCS),180,,,,,,,,,,
Hamburger Energiewerke Mobil GmbH,HEnW-Mobil,Rothenbaumchaussee,60,,20148.0,Hamburg,Kreisfreie Stadt Hamburg,Hamburg,53.56769,9.988565,2023-10-12,150,Schnellladeeinrichtung,2.0,DC Fahrzeugkupplung Typ Combo 2 (CCS),150,,DC Fahrzeugkupplung Typ Combo 2 (CCS),150,,,,,,,,,,,,,
Hamburger Energiewerke Mobil GmbH,HEnW-Mobil,Robert-Koch-Str.,36,,20249.0,Hamburg,Kreisfreie Stadt Hamburg,Hamburg,53.590135,9.985858,2022-03-17,150,Schnellladeeinrichtung,2.0,DC Fahrzeugkupplung Typ Combo 2 (CCS),150,,DC Fahrzeugkupplung Typ Combo 2 (CCS),150,,,,,,,,,,,,,
Hamburger Energiewerke Mobil GmbH,HEnW-Mobil,Robert-Koch-Str.,36,,20249.0,Hamburg,Kreisfreie Stadt Hamburg,Hamburg,53.590135,9.985858,2022-03-17,150,Schnellladeeinrichtung,2.0,DC Fahrzeugkupplung Typ Combo 2 (CCS),150,,DC Fahrzeugkupplung Typ Combo 2 (CCS),150,,,,,,,,,,,,,
Hamburger Energiewerke Mobil GmbH,HEnW-Mobil,Christoph-Probst-Weg,28,,20251.0,Hamburg,Kreisfreie Stadt Hamburg,Hamburg,53.596789,9.976142,2022-12-27,150,Schnellladeeinrichtung,2.0,DC Fahrzeugkupplung Typ Combo 2 (CCS),150,,DC Fahrzeugkupplung Typ Combo 2 (CCS),150,,,,,,,,,,,,,
Hamburger Energiewerke Mobil GmbH,HEnW-Mobil,Sternstr.,68,,20357.0,Hamburg,Kreisfreie Stadt Hamburg,Hamburg,53.559872,9.966901,2022-12-28,150,Schnellladeeinrichtung,2.0,DC Fahrzeugkupplung Typ Combo 2 (CCS),150,,DC Fahrzeugkupplung Typ Combo 2 (CCS),150,,,,,,,,,,,,,
Lidl Dienstleistung GmbH & Co. KGe,Lidl,Altonaerstr.,10,LDE_3860_23438,20357.0,Hamburg,Kreisfreie Stadt Hamburg,Hamburg,53.632702,9.907909,2021-03-08,50,Schnellladeeinrichtung,3.0,AC Typ 2 Steckdose; AC Typ 2 Fahrzeugkupplung,22,,AC Typ 2 Fahrzeugkupplung; DC Fahrzeugkupplung Typ Combo 2 (CCS),50,,AC Typ 2 Fahrzeugkupplung; DC CHAdeMO,50,,,,,,,,,,
Hamburger Energiewerke Mobil GmbH,HEnW-Mobil,Zirkusweg,0,ggï¿½. 12,20359.0,Hamburg,Kreisfreie Stadt Hamburg,Hamburg,53.548362,9.967543,2021-12-15,150,Schnellladeeinrichtung,2.0,DC Fahrzeugkupplung Typ Combo 2 (CCS),150,,DC Fahrzeugkupplung Typ Combo 2 (CCS),150,,,,,,,,,,,,,
Hamburger Energiewerke Mobil GmbH,HEnW-Mobil,Zeughausmarkt,19,,20459.0,Hamburg,Kreisfreie Stadt Hamburg,Hamburg,53.549316,9.97478,2023-09-19,150,Schnellladeeinrichtung,3.0,DC Fahrzeugkupplung Typ Combo 2 (CCS),150,,DC Fahrzeugkupplung Typ Combo 2 (CCS),150,,AC Typ 2 Steckdose,22,,,,,,,,,,
EWE Go GmbH,EWE Go GmbH,Eiffestr.,440,,20537.0,Hamburg,Kreisfreie Stadt Hamburg,Hamburg,53.55212,10.046115,2022-08-02,150,Schnellladeeinrichtung,2.0,DC Fahrzeugkupplung Typ Combo 2 (CCS),150,,DC Fahrzeugkupplung Typ Combo 2 (CCS),150,,,,,,,,,,,,,
EWE Go GmbH,EWE Go GmbH,Eiffestr.,440,,20537.0,Hamburg,Kreisfreie Stadt Hamburg,Hamburg,53.55212,10.046115,2022-08-02,150,Schnellladeeinrichtung,2.0,DC Fahrzeugkupplung Typ Combo 2 (CCS),150,,DC Fahrzeugkupplung Typ Combo 2 (CCS),150,,,,,,,,,,,,,
Top Mehrwert Logistik GmbH,,Wendenstrasse,249,,20537.0,Hamburg,Kreisfreie Stadt Hamburg,Hamburg,53.55066,10.037718,2023-08-24,50,Schnellladeeinrichtung,2.0,DC Fahrzeugkupplung Typ Combo 2 (CCS),50,,AC Typ 2 Steckdose,22,,,,,,,,,,,,,
Top Mehrwert Logistik GmbH,,Wendenstrasse,249,,20537.0,Hamburg,Kreisfreie Stadt Hamburg,Hamburg,53.55066,10.037718,2023-08-24,50,Schnellladeeinrichtung,2.0,DC Fahrzeugkupplung Typ Combo 2 (CCS),50,,AC Typ 2 Steckdose,22,,,,,,,,,,,,,
Top Mehrwert Logistik GmbH,,Wendenstrasse,249,,20537.0,Hamburg,Kreisfreie Stadt Hamburg,Hamburg,53.55066,10.037718,2023-08-24,50,Schnellladeeinrichtung,2.0,DC Fahrzeugkupplung Typ Combo 2 (CCS),50,,DC Fahrzeugkupplung Typ Combo 2 (CCS),50,,,,,,,,,,,,,
BP Europa SE,Aral Pulse,Groï¿½mannstrasse,195-211,,20539.0,Hamburg,Kreisfreie Stadt Hamburg,Hamburg,53.536459,10.064925,2021-01-29,300,Schnellladeeinrichtung,2.0,DC Fahrzeugkupplung Typ Combo 2 (CCS); DC CHAdeMO,300,,DC Fahrzeugkupplung Typ Combo 2 (CCS),300,,,,,,,,,,,,,
BP Europa SE,Aral Pulse,Groï¿½mannstrasse,195-211,,20539.0,Hamburg,Kreisfreie Stadt Hamburg,Hamburg,53.536459,10.064925,2021-01-29,300,Schnellladeeinrichtung,2.0,DC Fahrzeugkupplung Typ Combo 2 (CCS); DC CHAdeMO,300,,DC Fahrzeugkupplung Typ Combo 2 (CCS),300,,,,,,,,,,,,,
EWE Go GmbH,EWE Go GmbH,Lehfeld,2,,21029.0,Hamburg,Kreisfreie Stadt Hamburg,Hamburg,53.480271,10.207081,2023-03-01,150,Schnellladeeinrichtung,2.0,DC Fahrzeugkupplung Typ Combo 2 (CCS),150,,DC Fahrzeugkupplung Typ Combo 2 (CCS),150,,,,,,,,,,,,,
EnBW mobility+ AG und Co.KG ,,Curslacker Neuer Deich,16-20,,21029.0,Hamburg,Kreisfreie Stadt Hamburg,Hamburg,53.48247,10.207571,2022-10-13,150,Schnellladeeinrichtung,2.0,DC Fahrzeugkupplung Typ Combo 2 (CCS),150,,DC Fahrzeugkupplung Typ Combo 2 (CCS),150,,,,,,,,,,,,,
EnBW mobility+ AG und Co.KG ,,Curslacker Neuer Deich,16-20,,21029.0,Hamburg,Kreisfreie Stadt Hamburg,Hamburg,53.48247,10.207571,2022-10-13,150,Schnellladeeinrichtung,2.0,DC Fahrzeugkupplung Typ Combo 2 (CCS),150,,DC Fahrzeugkupplung Typ Combo 2 (CCS),150,,,,,,,,,,,,,
EnBW mobility+ AG und Co.KG ,,Curslacker Neuer Deich,16-20,,21029.0,Hamburg,Kreisfreie Stadt Hamburg,Hamburg,53.48247,10.207571,2022-10-13,300,Schnellladeeinrichtung,2.0,DC Fahrzeugkupplung Typ Combo 2 (CCS),300,,DC Fahrzeugkupplung Typ Combo 2 (CCS),300,,,,,,,,,,,,,
EnBW mobility+ AG und Co.KG ,,Curslacker Neuer Deich,16-20,,21029.0,Hamburg,Kreisfreie Stadt Hamburg,Hamburg,53.48247,10.207571,2022-10-13,300,Schnellladeeinrichtung,2.0,DC Fahrzeugkupplung Typ Combo 2 (CCS),300,,DC Fahrzeugkupplung Typ Combo 2 (CCS),300,,,,,,,,,,,,,
Comfortcharge GmbH,Comfort Charge,Dï¿½nenweg,40,,21033.0,Hamburg,Kreisfreie Stadt Hamburg,Hamburg,53.50334,10.19078,2019-10-13,150,Schnellladeeinrichtung,4.0,DC Fahrzeugkupplung Typ Combo 2 (CCS),150,,AC Typ 2 Steckdose,22,,AC Typ 2 Fahrzeugkupplung,22,,DC Fahrzeugkupplung Typ Combo 2 (CCS),150,,,,,,,
EnBW mobility+ AG und Co.KG ,,Oberer Landweg,7,,21033.0,Hamburg,Kreisfreie Stadt Hamburg,Hamburg,53.48998,10.18764,2022-10-14,150,Schnellladeeinrichtung,2.0,DC Fahrzeugkupplung Typ Combo 2 (CCS),150,,DC Fahrzeugkupplung Typ Combo 2 (CCS),150,,,,,,,,,,,,,
EnBW mobility+ AG und Co.KG ,,Oberer Landweg,7,,21033.0,Hamburg,Kreisfreie Stadt Hamburg,Hamburg,53.48998,10.18764,2022-10-14,300,Schnellladeeinrichtung,2.0,DC Fahrzeugkupplung Typ Combo 2 (CCS),300,,DC Fahrzeugkupplung Typ Combo 2 (CCS),300,,,,,,,,,,,,,
Ladegruen! eG,,Billwerder Billdeich,605,,21033.0,Hamburg,Kreisfreie Stadt Hamburg,Hamburg,53.496497,10.182701,2023-12-20,50,Schnellladeeinrichtung,2.0,DC Fahrzeugkupplung Typ Combo 2 (CCS),50,,DC Fahrzeugkupplung Typ Combo 2 (CCS),50,,,,,,,,,,,,,
Ladegruen! eG,,Billwerder Billdeich,605,,21033.0,Hamburg,Kreisfreie Stadt Hamburg,Hamburg,53.496391,10.182701,2023-12-20,50,Schnellladeeinrichtung,2.0,DC Fahrzeugkupplung Typ Combo 2 (CCS),50,,DC Fahrzeugkupplung Typ Combo 2 (CCS),50,,,,,,,,,,,,,
Comfortcharge GmbH,Comfort Charge,Rahel-Varnhagen-Weg,77,,21035.0,Hamburg,Kreisfreie Stadt Hamburg,Hamburg,53.48822,10.17106,2019-09-23,150,Schnellladeeinrichtung,4.0,DC Fahrzeugkupplung Typ Combo 2 (CCS),150,,AC Typ 2 Steckdose,22,,AC Typ 2 Fahrzeugkupplung,22,,DC Fahrzeugkupplung Typ Combo 2 (CCS),150,,,,,,,
BP Europa SE,Aral Pulse,Wilhelm-Iwan-Ring,1,,21035.0,Hamburg,Kreisfreie Stadt Hamburg,Hamburg,53.489873,10.114809,2020-12-23,300,Schnellladeeinrichtung,2.0,DC Fahrzeugkupplung Typ Combo 2 (CCS); DC CHAdeMO,300,,DC Fahrzeugkupplung Typ Combo 2 (CCS),300,,,,,,,,,,,,,
BP Europa SE,Aral Pulse,Wilhelm-Iwan-Ring,1,,21035.0,Hamburg,Kreisfreie Stadt Hamburg,Hamburg,53.489873,10.114809,2020-12-23,300,Schnellladeeinrichtung,2.0,DC Fahrzeugkupplung Typ Combo 2 (CCS); DC CHAdeMO,300,,DC Fahrzeugkupplung Typ Combo 2 (CCS),300,,,,,,,,,,,,,
BP Europa SE,Aral Pulse,Nettelnburger Landweg,2,,21035.0,Hamburg,Kreisfreie Stadt Hamburg,Hamburg,53.486699,10.183866,2023-01-24,300,Schnellladeeinrichtung,2.0,DC Fahrzeugkupplung Typ Combo 2 (CCS); DC CHAdeMO,300,,DC Fahrzeugkupplung Typ Combo 2 (CCS),300,,,,,,,,,,,,,
BP Europa SE,Aral Pulse,Nettelnburger Landweg,2,,21035.0,Hamburg,Kreisfreie Stadt Hamburg,Hamburg,53.486699,10.183866,2023-01-24,300,Schnellladeeinrichtung,2.0,DC Fahrzeugkupplung Typ Combo 2 (CCS); DC CHAdeMO,300,,DC Fahrzeugkupplung Typ Combo 2 (CCS),300,,,,,,,,,,,,,
BP Europa SE,Aral Pulse,Nettelnburger Landweg,2,,21035.0,Hamburg,Kreisfreie Stadt Hamburg,Hamburg,53.486699,10.183866,2023-01-24,300,Schnellladeeinrichtung,2.0,DC Fahrzeugkupplung Typ Combo 2 (CCS); DC CHAdeMO,300,,DC Fahrzeugkupplung Typ Combo 2 (CCS),300,,,,,,,,,,,,,
Volksbank Raiffeisenbank eG,,Sï¿½derquerweg,105,,21037.0,Hamburg,Kreisfreie Stadt Hamburg,Hamburg,53.4076850,10.1771350,2016-12-03,"93,0",Schnellladeeinrichtung,2.0,AC Typ 2 Fahrzeugkupplung,"43,0",,DC Fahrzeugkupplung Typ Combo 2 (CCS); DC CHAdeMO,"50,0",,,,,,,,,,,,,
Shell Deutschland GmbH,,Bremer Strasse,112,,21073.0,Hamburg,Kreisfreie Stadt Hamburg,Hamburg,53.45181,9.97129,2020-12-23,360,Schnellladeeinrichtung,2.0,DC Fahrzeugkupplung Typ Combo 2 (CCS); DC CHAdeMO,360,,DC Fahrzeugkupplung Typ Combo 2 (CCS); DC CHAdeMO,360,,,,,,,,,,,,,
Shell Deutschland GmbH,,Bremer Strasse,112,,21073.0,Hamburg,Kreisfreie Stadt Hamburg,Hamburg,53.45181,9.97129,2020-12-23,360,Schnellladeeinrichtung,2.0,DC Fahrzeugkupplung Typ Combo 2 (CCS); DC CHAdeMO,360,,DC Fahrzeugkupplung Typ Combo 2 (CCS); DC CHAdeMO,360,,,,,,,,,,,,,
EWE Go GmbH,EWE Go GmbH,Stader Str.,256,,21075.0,Hamburg,Kreisfreie Stadt Hamburg,Hamburg,53.471091,9.928598,2022-04-04,160,Schnellladeeinrichtung,2.0,DC Fahrzeugkupplung Typ Combo 2 (CCS),150,,DC Fahrzeugkupplung Typ Combo 2 (CCS),150,,,,,,,,,,,,,
Allego GmbH,Allego,Heimfelder Str.,123,,21075.0,Hamburg,Kreisfreie Stadt Hamburg,Hamburg,53.460998,9.940608,2019-07-12,75,Schnellladeeinrichtung,2.0,DC Fahrzeugkupplung Typ Combo 2 (CCS),53,,AC Typ 2 Fahrzeugkupplung,22,,,,,,,,,,,,,
Tesla Germany GmbH,,Heimfelder Strasse,123,,21075.0,Hamburg,Kreisfreie Stadt Hamburg,Hamburg,53.4607610,9.9397780,2023-04-17,"250,0",Schnellladeeinrichtung,1.0,DC Fahrzeugkupplung Typ Combo 2 (CCS),"250,0",,,,,,,,,,,,,,,,
Tesla Germany GmbH,,Heimfelder Strasse,123,,21075.0,Hamburg,Kreisfreie Stadt Hamburg,Hamburg,53.4607610,9.9397780,2023-04-17,"250,0",Schnellladeeinrichtung,1.0,DC Fahrzeugkupplung Typ Combo 2 (CCS),"250,0",,,,,,,,,,,,,,,,
Tesla Germany GmbH,,Heimfelder Strasse,123,,21075.0,Hamburg,Kreisfreie Stadt Hamburg,Hamburg,53.4607610,9.9397780,2023-04-17,"250,0",Schnellladeeinrichtung,1.0,DC Fahrzeugkupplung Typ Combo 2 (CCS),"250,0",,,,,,,,,,,,,,,,
Tesla Germany GmbH,,Heimfelder Strasse,123,,21075.0,Hamburg,Kreisfreie Stadt Hamburg,Hamburg,53.4607610,9.9397780,2023-04-17,"250,0",Schnellladeeinrichtung,1.0,DC Fahrzeugkupplung Typ Combo 2 (CCS),"250,0",,,,,,,,,,,,,,,,
Citywatt GmbH,Citywatt GmbH,Maldfeldstrasse,2a,,21077.0,Hamburg,Kreisfreie Stadt Hamburg,Hamburg,53.430452,9.934886,2022-08-10,300,Schnellladeeinrichtung,2.0,DC Fahrzeugkupplung Typ Combo 2 (CCS),300,3056301006072A8648CE3D020106052B8104000A03420004C9424DB930FF84F138628FC4514583E77787F9582BDA06829972820F531D66DE244850C0437243F3467B48145545998DB0BD8E83D36306824AF47F28C4B3AC2B,DC Fahrzeugkupplung Typ Combo 2 (CCS),300,3056301006072A8648CE3D020106052B8104000A034200041407D16034C86B2E0B2C8527DECA66908FF4007F654BF223E5745C4926084BF0FA7B17071A2523BA278FE2599A17F8367479AAB598BA76056586D55621F0A76E,,,,,,,,,,,,
Citywatt GmbH,Citywatt GmbH,Maldfeldstrasse,2a,,21077.0,Hamburg,Kreisfreie Stadt Hamburg,Hamburg,53.430462,9.934827,2022-08-10,300,Schnellladeeinrichtung,2.0,DC Fahrzeugkupplung Typ Combo 2 (CCS),300,3056301006072A8648CE3D020106052B8104000A03420004754533BA01683630F18238FD7D1331B2D92AADEFCB2829E4013B7B084EA82B17650201ECE1F316321E91234044C4CBF6B4112D896BEAF68A747DAB9ECF7648F6,DC Fahrzeugkupplung Typ Combo 2 (CCS),300,3056301006072A8648CE3D020106052B8104000A03420004252AD4E76CFA9EC8A2BCD326B9EA30059D16ED6B6CF021FE32DE4CDB50445BCCDF343647BC961E3DB6EF937D5CC7CF6CAEF7480E726DE74A1A6C0066A45156CB,,,,,,,,,,,,
Citywatt GmbH,Citywatt GmbH,Maldfeldstrasse,2a,,21077.0,Hamburg,Kreisfreie Stadt Hamburg,Hamburg,53.430462,9.934688,2022-08-10,300,Schnellladeeinrichtung,2.0,DC Fahrzeugkupplung Typ Combo 2 (CCS),300,3056301006072A8648CE3D020106052B8104000A03420004F949A95830D861B66F170A044DD3579A6698BB1AE3CC2417B150CD25A97C8FB21670AAE9C587F9EBCEB5AAA28F9F4A7C024FF2B29AA054565CBE72742BC88ADB,DC Fahrzeugkupplung Typ Combo 2 (CCS),300,3056301006072A8648CE3D020106052B8104000A03420004D05CB8D8F8FA41AAFC3BB9ADB53051127D29BC462FCDA5050787E10F600680479CC273C50421E38E7864C6C73DDE2C0F9CC329186A201851FF1104961E0EE067,,,,,,,,,,,,
Citywatt GmbH,Citywatt GmbH,Maldfeldstrasse,2a,,21077.0,Hamburg,Kreisfreie Stadt Hamburg,Hamburg,53.430472,9.934591,2022-08-10,300,Schnellladeeinrichtung,2.0,DC Fahrzeugkupplung Typ Combo 2 (CCS),300,3056301006072A8648CE3D020106052B8104000A03420004A4C3F30B405A54A53C67D5BC7E16A9F858836A1ADEB715FF986DD4FCF270C57A1EC80A2BECEF9CCDC5F4B11FDC2D11BE762BD9CCD2B94D6F390EE6CA957973B2,DC Fahrzeugkupplung Typ Combo 2 (CCS),300,3056301006072A8648CE3D020106052B8104000A034200046D8E014E92241D8195219F38AD7F4EE74146642BAD022328C527B12BDC8141183A2AAFB962832186DD219EA0ECF587353C367057F467B710A8C08053917D9908,,,,,,,,,,,,
Citywatt GmbH,Citywatt GmbH,Maldfeldstrasse,2a,,21077.0,Hamburg,Kreisfreie Stadt Hamburg,Hamburg,53.430472,9.934478,2022-08-10,300,Schnellladeeinrichtung,2.0,DC Fahrzeugkupplung Typ Combo 2 (CCS),300,3056301006072A8648CE3D020106052B8104000A03420004D1AD1A65230A2B0FDF3B0F78F2063A156A27D9C8F53FCC3FC3B92380059902D32978DA7AF43DE68FB8AAA665AD6341106EA2FF4295EF15DA4AEF12C9BBAB2218,DC Fahrzeugkupplung Typ Combo 2 (CCS),300,3056301006072A8648CE3D020106052B8104000A0342000470A64CAFCF8C122192FA090931A7DA01A95F1CB4978A3E414266D537C6A140D25436ECA07AD935CA9E85FBB803FE0A1686842CB38B23A6D52DB7B57CCCD5DBF1,,,,,,,,,,,,
Allego GmbH,Allego,Maldfeldstr.,2,,21077.0,Hamburg,Kreisfreie Stadt Hamburg,Hamburg,53.430259,9.935091,2023-02-09,300,Schnellladeeinrichtung,2.0,DC Fahrzeugkupplung Typ Combo 2 (CCS),300,3056301006072A8648CE3D020106052B8104000A034200040B11DBACAF2D1533E16AB9D9EBC377834F132AFD6EE5B65447C8A19548DEAAAAC88A1BBE829B1EA4F115CCF553B64C6A22A6ED6B4A6C54AD880AD2A2EFD9C3BC,DC Fahrzeugkupplung Typ Combo 2 (CCS),300,3056301006072A8648CE3D020106052B8104000A03420004B73AF7248FC4579DA588B2A2D93C31BD2AEC19CCF3C04F635B1AB6B7E27A5CFBA570E7FD5D02901B4F59345F9E86CA4C5ECB88BFFF032963BE6E349672901B83,,,,,,,,,,,,
Allego GmbH,Allego,Maldfeldstr.,2,,21077.0,Hamburg,Kreisfreie Stadt Hamburg,Hamburg,53.430259,9.935091,2023-02-09,300,Schnellladeeinrichtung,2.0,DC Fahrzeugkupplung Typ Combo 2 (CCS),300,3056301006072A8648CE3D020106052B8104000A03420004F30AF8A4E4D1EC21015C6C8ECD28736C8B11EF5ECCDE2C14EA6EA11DF8E86F326207591DFBF6B83DE950E64D7FD7F218A775DA90E0AF2B8BE43AB47D86111E0F,DC Fahrzeugkupplung Typ Combo 2 (CCS),300,3056301006072A8648CE3D020106052B8104000A03420004E1EC4C322731451A257FA316CCFF70AD0E113EABA119D6E5495CDAC398E07FF92EABD22C89CAD4A06408F0992A94DE83CACDE6FB546BBA4715C0A909DB179B21,,,,,,,,,,,,
Allego GmbH,Allego,Maldfeldstr.,2,,21077.0,Hamburg,Kreisfreie Stadt Hamburg,Hamburg,53.430259,9.935091,2023-02-09,150,Schnellladeeinrichtung,2.0,DC Fahrzeugkupplung Typ Combo 2 (CCS),150,3056301006072A8648CE3D020106052B8104000A0342000471F1B3808847AC233E76AC7D6A2104A478C3E7290D9D5F3D79ED357E241C6FCD1E754A2D498FB3486D5EC3340EB6E51070823BF5EA892D4C961C890EDC76EE63,DC Fahrzeugkupplung Typ Combo 2 (CCS),150,3056301006072A8648CE3D020106052B8104000A03420004ED90B7071C6645019AC502D7E599A7ED82A3FFAFF2830C153B6D60356BB9D2643F2284945088A98C851C9E1EBBF7E9351CB0A2AD4C8A0CDE8B0CE66BE069E407,,,,,,,,,,,,
E.ON Drive Infrastructure GmbH,E.ON Drive Infrastructure,Raststï¿½tte Harburger Berge Ost,0,,21077.0,Hamburg,Kreisfreie Stadt Hamburg,Hamburg,53.424065,9.966476,2020-01-27,300,Schnellladeeinrichtung,4.0,DC Fahrzeugkupplung Typ Combo 2 (CCS),300,,DC Fahrzeugkupplung Typ Combo 2 (CCS),300,,DC Fahrzeugkupplung Typ Combo 2 (CCS),300,,AC Typ 2 Steckdose,22,,,,,,,
E.ON Drive Infrastructure GmbH,E.ON Drive Infrastructure,Raststï¿½tte Harburger Berge Ost,0,,21077.0,Hamburg,Kreisfreie Stadt Hamburg,Hamburg,53.424065,9.966476,2020-01-27,300,Schnellladeeinrichtung,4.0,DC Fahrzeugkupplung Typ Combo 2 (CCS),300,,DC Fahrzeugkupplung Typ Combo 2 (CCS),300,,DC Fahrzeugkupplung Typ Combo 2 (CCS),300,,AC Typ 2 Steckdose,22,,,,,,,
E.ON Drive Infrastructure GmbH,E.ON Drive Infrastructure,Raststï¿½tte Harburger Berge West,0,,21077.0,Hamburg,Kreisfreie Stadt Hamburg,Hamburg,53.423998,9.962849,2020-01-27,300,Schnellladeeinrichtung,4.0,DC Fahrzeugkupplung Typ Combo 2 (CCS),300,,DC Fahrzeugkupplung Typ Combo 2 (CCS),300,,DC Fahrzeugkupplung Typ Combo 2 (CCS),300,,AC Typ 2 Steckdose,22,,,,,,,
E.ON Drive Infrastructure GmbH,E.ON Drive Infrastructure,Raststï¿½tte Harburger Berge West,0,,21077.0,Hamburg,Kreisfreie Stadt Hamburg,Hamburg,53.423998,9.962849,2020-01-27,300,Schnellladeeinrichtung,4.0,DC Fahrzeugkupplung Typ Combo 2 (CCS),300,,DC Fahrzeugkupplung Typ Combo 2 (CCS),300,,DC Fahrzeugkupplung Typ Combo 2 (CCS),300,,AC Typ 2 Steckdose,22,,,,,,,
BP Europa SE,Aral Pulse,Bremer Strasse,300,,21077.0,Hamburg,Kreisfreie Stadt Hamburg,Hamburg,53.438699,9.936156,2023-12-22,300,Schnellladeeinrichtung,2.0,DC Fahrzeugkupplung Typ Combo 2 (CCS),300,,DC Fahrzeugkupplung Typ Combo 2 (CCS),300,,,,,,,,,,,,,
BP Europa SE,Aral Pulse,Bremer Strasse,300,,21077.0,Hamburg,Kreisfreie Stadt Hamburg,Hamburg,53.438699,9.936156,2023-12-22,300,Schnellladeeinrichtung,2.0,DC Fahrzeugkupplung Typ Combo 2 (CCS),300,,DC Fahrzeugkupplung Typ Combo 2 (CCS),300,,,,,,,,,,,,,
E.ON Drive GmbH,,Raststï¿½tte Harburger Berge Ost,0,,21077.0,Hamburg,Kreisfreie Stadt Hamburg,Hamburg,53.424065,9.966476,2020-01-27,"300,0",Schnellladeeinrichtung,4.0,DC Fahrzeugkupplung Typ Combo 2 (CCS),"300,0",,DC Fahrzeugkupplung Typ Combo 2 (CCS),"300,0",,DC Fahrzeugkupplung Typ Combo 2 (CCS),"300,0",,AC Typ 2 Steckdose,"22,0",,,,,,,
E.ON Drive GmbH,,Raststï¿½tte Harburger Berge Ost,0,,21077.0,Hamburg,Kreisfreie Stadt Hamburg,Hamburg,53.424065,9.966476,2020-01-27,"300,0",Schnellladeeinrichtung,4.0,DC Fahrzeugkupplung Typ Combo 2 (CCS),"300,0",,DC Fahrzeugkupplung Typ Combo 2 (CCS),"300,0",,DC Fahrzeugkupplung Typ Combo 2 (CCS),"300,0",,AC Typ 2 Steckdose,"22,0",,,,,,,
E.ON Drive GmbH,,Raststï¿½tte Harburger Berge West,0,,21077.0,Hamburg,Kreisfreie Stadt Hamburg,Hamburg,53.423998,9.962849,2020-01-27,"300,0",Schnellladeeinrichtung,4.0,DC Fahrzeugkupplung Typ Combo 2 (CCS),"300,0",,DC Fahrzeugkupplung Typ Combo 2 (CCS),"300,0",,DC Fahrzeugkupplung Typ Combo 2 (CCS),"300,0",,AC Typ 2 Steckdose,"22,0",,,,,,,
E.ON Drive GmbH,,Raststï¿½tte Harburger Berge West,0,,21077.0,Hamburg,Kreisfreie Stadt Hamburg,Hamburg,53.423998,9.962849,2020-01-27,"300,0",Schnellladeeinrichtung,4.0,DC Fahrzeugkupplung Typ Combo 2 (CCS),"300,0",,DC Fahrzeugkupplung Typ Combo 2 (CCS),"300,0",,DC Fahrzeugkupplung Typ Combo 2 (CCS),"300,0",,AC Typ 2 Steckdose,"22,0",,,,,,,
Allego GmbH,Allego,Groï¿½moorbogen,1,Metro,21079.0,Hamburg,Kreisfreie Stadt Hamburg,Hamburg,53.461175,10.011347,2016-08-21,93,Schnellladeeinrichtung,2.0,DC Fahrzeugkupplung Typ Combo 2 (CCS); DC CHAdeMO,50,,AC Typ 2 Fahrzeugkupplung,43,,,,,,,,,,,,,
Lidl Dienstleistung GmbH & Co. KGe,Lidl,Reinstorfweg,16,LDE_3167_T54-IT1-2020-068,21107.0,Hamburg-Wilhelmsburg,Kreisfreie Stadt Hamburg,Hamburg,53.501257,9.9928,2021-07-27,93,Schnellladeeinrichtung,3.0,AC Typ 2 Steckdose; AC Typ 2 Fahrzeugkupplung,50,,AC Typ 2 Fahrzeugkupplung; DC Fahrzeugkupplung Typ Combo 2 (CCS),50,,AC Typ 2 Fahrzeugkupplung; DC CHAdeMO,44,,,,,,,,,,
Shell Deutschland GmbH,,Georgswerder Bogen,12,,21109.0,Hamburg,Kreisfreie Stadt Hamburg,Hamburg,53.518259,10.022344,2020-10-01,175,Schnellladeeinrichtung,1.0,DC Fahrzeugkupplung Typ Combo 2 (CCS); DC CHAdeMO,175,,,,,,,,,,,,,,,,
Shell Deutschland GmbH,,Georgswerder Bogen,12,,21109.0,Hamburg,Kreisfreie Stadt Hamburg,Hamburg,53.518259,10.022344,2020-10-01,175,Schnellladeeinrichtung,1.0,DC Fahrzeugkupplung Typ Combo 2 (CCS); DC CHAdeMO,175,,,,,,,,,,,,,,,,
Shell Deutschland GmbH,,Georgswerder Bogen,12,,21109.0,Hamburg,Kreisfreie Stadt Hamburg,Hamburg,53.518848,10.019651,2022-12-16,300,Schnellladeeinrichtung,2.0,DC Fahrzeugkupplung Typ Combo 2 (CCS),300,,DC Fahrzeugkupplung Typ Combo 2 (CCS),300,,,,,,,,,,,,,
Shell Deutschland GmbH,,Georgswerder Bogen,12,,21109.0,Hamburg,Kreisfreie Stadt Hamburg,Hamburg,53.518848,10.019651,2022-12-16,300,Schnellladeeinrichtung,2.0,DC Fahrzeugkupplung Typ Combo 2 (CCS),300,,DC Fahrzeugkupplung Typ Combo 2 (CCS),300,,,,,,,,,,,,,
E.ON Drive Infrastructure GmbH,E.ON Drive Infrastructure,Raststï¿½tte Hamburg-Stillhorn West,0,BAB1,21109.0,Hamburg,Kreisfreie Stadt Hamburg,Hamburg,53.483845,10.024303,2023-09-21,98,Schnellladeeinrichtung,2.0,DC Fahrzeugkupplung Typ Combo 2 (CCS),50,,DC Fahrzeugkupplung Typ Combo 2 (CCS),50,,,,,,,,,,,,,
E.ON Drive Infrastructure GmbH,E.ON Drive Infrastructure,Raststï¿½tte Hamburg-Stillhorn Ost,0,BAB1,21109.0,Hamburg,Kreisfreie Stadt Hamburg,Hamburg,53.484188,10.026537,2023-11-21,98,Schnellladeeinrichtung,2.0,DC Fahrzeugkupplung Typ Combo 2 (CCS),50,,DC Fahrzeugkupplung Typ Combo 2 (CCS),50,,,,,,,,,,,,,
BP Europa SE,Aral Pulse,Otto-Brenner-Str.,6,,21109.0,Hamburg,Kreisfreie Stadt Hamburg,Hamburg,53.490281,10.018852,2022-11-18,300,Schnellladeeinrichtung,2.0,DC Fahrzeugkupplung Typ Combo 2 (CCS); DC CHAdeMO,300,,DC Fahrzeugkupplung Typ Combo 2 (CCS),300,,,,,,,,,,,,,
BP Europa SE,Aral Pulse,Otto-Brenner-Str.,6,,21109.0,Hamburg,Kreisfreie Stadt Hamburg,Hamburg,53.490281,10.018852,2022-11-18,300,Schnellladeeinrichtung,2.0,DC Fahrzeugkupplung Typ Combo 2 (CCS); DC CHAdeMO,300,,DC Fahrzeugkupplung Typ Combo 2 (CCS),300,,,,,,,,,,,,,
Tesla Germany GmbH,,Stillhorner Weg,42,,21109.0,Hamburg,Kreisfreie Stadt Hamburg,Hamburg,53.4797870,10.0250820,2023-03-20,"250,0",Schnellladeeinrichtung,1.0,DC Fahrzeugkupplung Typ Combo 2 (CCS),"250,0",043996217EA1A75E72B3E9C11A2042F39F4A162872EF02273FA43EA305BB13581FEBA12072196F08F1B8D99F4B80D2F31F5175093BBD28F1D88BFB9EAB2AF9943A,,,,,,,,,,,,,,,
Tesla Germany GmbH,,Stillhorner Weg,42,,21109.0,Hamburg,Kreisfreie Stadt Hamburg,Hamburg,53.4797870,10.0250820,2023-03-20,"250,0",Schnellladeeinrichtung,1.0,DC Fahrzeugkupplung Typ Combo 2 (CCS),"250,0",04EC0136F5AF465308DB1EB0FB9E63675CAAB0C759166F8AEB8C5A375C36E942EF3D235771E1E36182FFE32B4B64E92523CAE4AD1B033622C68C68E6916FC262D2,,,,,,,,,,,,,,,
Tesla Germany GmbH,,Stillhorner Weg,42,,21109.0,Hamburg,Kreisfreie Stadt Hamburg,Hamburg,53.4797870,10.0250820,2023-03-20,"250,0",Schnellladeeinrichtung,1.0,DC Fahrzeugkupplung Typ Combo 2 (CCS),"250,0",0499D6A911A3055F8DCF83389DFA66DD999A04106F88F1311A7CDEE131BA29EC9D3DC78E0D2101D1B40EF7A948ED90B21AA6C08611CA6E6348D2035C3DC514C011,,,,,,,,,,,,,,,
Tesla Germany GmbH,,Stillhorner Weg,42,,21109.0,Hamburg,Kreisfreie Stadt Hamburg,Hamburg,53.4797870,10.0250820,2023-03-20,"250,0",Schnellladeeinrichtung,1.0,DC Fahrzeugkupplung Typ Combo 2 (CCS),"250,0",04E55DB9A83F789735133C40A1376577B3A86D9B5CF230C68B87E4B2B7EA0A06AF15D22779AABCEFA033D63D4A17505E63CBAAB31AA40DE88C0C4D34D1C09115EE,,,,,,,,,,,,,,,
Tesla Germany GmbH,,Stillhorner Weg,42,,21109.0,Hamburg,Kreisfreie Stadt Hamburg,Hamburg,53.4797870,10.0250820,2023-03-20,"250,0",Schnellladeeinrichtung,1.0,DC Fahrzeugkupplung Typ Combo 2 (CCS),"250,0",045AEB65275C40C2B6C819C56D6482C4707374A190019188350EF2401F9423B01A18B146C5A41916FC5692BF71B9C1955ED0A108F1576AC9589816A2E1C960A198,,,,,,,,,,,,,,,
Tesla Germany GmbH,,Stillhorner Weg,42,,21109.0,Hamburg,Kreisfreie Stadt Hamburg,Hamburg,53.4797870,10.0250820,2023-03-20,"250,0",Schnellladeeinrichtung,1.0,DC Fahrzeugkupplung Typ Combo 2 (CCS),"250,0",048677E67189CD9A7EC7DDB7B9BA580D21D99CEBB14AB3CA37C6481966691A236027609D26C3EFAEC0F36D0E26B3096AF5BC1B9C8CB949D7FD71133415C0B456F3,,,,,,,,,,,,,,,
Tesla Germany GmbH,,Stillhorner Weg,42,,21109.0,Hamburg,Kreisfreie Stadt Hamburg,Hamburg,53.4797870,10.0250820,2023-03-20,"250,0",Schnellladeeinrichtung,1.0,DC Fahrzeugkupplung Typ Combo 2 (CCS),"250,0",04D117D0F8824F7A7D0C810C256A60713F5AD1BA0C1994B424632B3BD622EC7E7F97298E14B0FF282DB44D8E16922F78B4DF998DA8345B286DC95859BD3B981F06,,,,,,,,,,,,,,,
Tesla Germany GmbH,,Stillhorner Weg,42,,21109.0,Hamburg,Kreisfreie Stadt Hamburg,Hamburg,53.4797870,10.0250820,2023-03-20,"250,0",Schnellladeeinrichtung,1.0,DC Fahrzeugkupplung Typ Combo 2 (CCS),"250,0",04654E7C17D4536737DCC4F1B0B8A0B4AD644C330E6E8B765125E3415EF22266CB38E7C4FA7407A8F225852D5A5FF2E0782E70272BB4F8259694DDCF07027903B1,,,,,,,,,,,,,,,
Tesla Germany GmbH,,Stillhorner Weg,42,,21109.0,Hamburg,Kreisfreie Stadt Hamburg,Hamburg,53.4797870,10.0250820,2023-03-20,"250,0",Schnellladeeinrichtung,1.0,DC Fahrzeugkupplung Typ Combo 2 (CCS),"250,0",046F0F9E6DC6447634C3D95EBD110FC516B9ADD1A7D3ADDC6CF62D071E4905CE52A7A88121DD3635E5CB35BBA3F5720625C431E1D4C7EEB38C0A34D35844E0A2B2,,,,,,,,,,,,,,,
Tesla Germany GmbH,,Stillhorner Weg,42,,21109.0,Hamburg,Kreisfreie Stadt Hamburg,Hamburg,53.4797870,10.0250820,2023-03-20,"250,0",Schnellladeeinrichtung,1.0,DC Fahrzeugkupplung Typ Combo 2 (CCS),"250,0",046553B4D2511319EAAA473BAD51E854F7D6231C5A13AF6A0AD3859D5BDC10D5769A1AFCB783406F378CF7D21A7B5700DD880286841CACEB61F72968A75F08DAE9,,,,,,,,,,,,,,,
Tesla Germany GmbH,,Stillhorner Weg,42,,21109.0,Hamburg,Kreisfreie Stadt Hamburg,Hamburg,53.4797870,10.0250820,2023-03-20,"250,0",Schnellladeeinrichtung,1.0,DC Fahrzeugkupplung Typ Combo 2 (CCS),"250,0",04AD96D7C4EC284DF1C38380F527FB2A17D1A21CF7D667F9816757F6281A428E9ABEA1E622875D38C5FFD8B5EDF6E85AA0EFE7580F66CC2D639F82513B7A8415C4,,,,,,,,,,,,,,,
Tesla Germany GmbH,,Stillhorner Weg,42,,21109.0,Hamburg,Kreisfreie Stadt Hamburg,Hamburg,53.4797870,10.0250820,2023-03-20,"250,0",Schnellladeeinrichtung,1.0,DC Fahrzeugkupplung Typ Combo 2 (CCS),"250,0",049211EE32997CD25F45CC947EEC4455526E1424DEF9BBF6AB8FFC48A04901AFA6F14F52FE19D9F6DE710B6B0FBEFA0816D433FB56FBD859081609607A6059F688,,,,,,,,,,,,,,,
Shell Deutschland GmbH,,Cuxhavener Str.,361,,21149.0,Hamburg,Kreisfreie Stadt Hamburg,Hamburg,53.472475,9.848004,2022-05-13,360,Schnellladeeinrichtung,2.0,DC Fahrzeugkupplung Typ Combo 2 (CCS),360,,DC Fahrzeugkupplung Typ Combo 2 (CCS),360,,,,,,,,,,,,,
Shell Deutschland GmbH,,Cuxhavener Str.,361,,21149.0,Hamburg,Kreisfreie Stadt Hamburg,Hamburg,53.4725,9.8475,2022-08-31,360,Schnellladeeinrichtung,2.0,DC Fahrzeugkupplung Typ Combo 2 (CCS),360,,DC Fahrzeugkupplung Typ Combo 2 (CCS),360,,,,,,,,,,,,,
Comfortcharge GmbH,Comfort Charge,Cuxhavener Strasse,92,,21149.0,Hamburg,Kreisfreie Stadt Hamburg,Hamburg,53.47178,9.89827,2019-10-26,150,Schnellladeeinrichtung,3.0,DC Fahrzeugkupplung Typ Combo 2 (CCS); DC CHAdeMO,150,,AC Typ 2 Steckdose,22,,AC Typ 2 Fahrzeugkupplung,22,,,,,,,,,,
EWE Go GmbH,EWE Go GmbH,Cuxhavener Str.,382,,21149.0,Hamburg,Kreisfreie Stadt Hamburg,Hamburg,53.473507,9.846235,2023-08-07,150,Schnellladeeinrichtung,2.0,DC Fahrzeugkupplung Typ Combo 2 (CCS),150,,DC Fahrzeugkupplung Typ Combo 2 (CCS),150,,,,,,,,,,,,,
Shell Deutschland GmbH,,Ahrensburger Str.,35,,22041.0,Hamburg,Kreisfreie Stadt Hamburg,Hamburg,53.578309,10.093591,2022-04-25,360,Schnellladeeinrichtung,2.0,DC Fahrzeugkupplung Typ Combo 2 (CCS),360,,DC Fahrzeugkupplung Typ Combo 2 (CCS),360,,,,,,,,,,,,,
Shell Deutschland GmbH,,Ahrensburger Str.,35,,22041.0,Hamburg,Kreisfreie Stadt Hamburg,Hamburg,53.57813,10.093466,2022-12-08,360,Schnellladeeinrichtung,2.0,DC Fahrzeugkupplung Typ Combo 2 (CCS),360,,DC Fahrzeugkupplung Typ Combo 2 (CCS),360,,,,,,,,,,,,,
EnBW mobility+ AG und Co.KG ,,Wandsbeker Zollstrasse,95,,22041.0,Hamburg,Kreisfreie Stadt Hamburg,Hamburg,53.57684,10.0811,2023-01-26,150,Schnellladeeinrichtung,2.0,DC Fahrzeugkupplung Typ Combo 2 (CCS),150,,DC Fahrzeugkupplung Typ Combo 2 (CCS),150,,,,,,,,,,,,,
EnBW mobility+ AG und Co.KG ,,Wandsbeker Zollstrasse,95,,22041.0,Hamburg,Kreisfreie Stadt Hamburg,Hamburg,53.57684,10.0811,2023-01-26,300,Schnellladeeinrichtung,2.0,DC Fahrzeugkupplung Typ Combo 2 (CCS),300,,DC Fahrzeugkupplung Typ Combo 2 (CCS),300,,,,,,,,,,,,,
Shell Deutschland GmbH,,Jï¿½thornstrasse,49,,22043.0,Hamburg,Kreisfreie Stadt Hamburg,Hamburg,53.567029,10.075123,2021-06-28,175,Schnellladeeinrichtung,1.0,DC Fahrzeugkupplung Typ Combo 2 (CCS); DC CHAdeMO,175,,,,,,,,,,,,,,,,
Shell Deutschland GmbH,,Jï¿½thornstrasse,49,,22043.0,Hamburg,Kreisfreie Stadt Hamburg,Hamburg,53.567029,10.075123,2021-06-28,175,Schnellladeeinrichtung,1.0,DC Fahrzeugkupplung Typ Combo 2 (CCS); DC CHAdeMO,175,,,,,,,,,,,,,,,,
Jolt Energy GmbH,Jolt Energy GmbH,Schiffbeker Weg,299,,22043.0,Hamburg,Kreisfreie Stadt Hamburg,Hamburg,53.569359,10.122854,2022-05-27,320,Schnellladeeinrichtung,2.0,DC Fahrzeugkupplung Typ Combo 2 (CCS),160,0408c6fd6006bf7c0a816b66267be3df4b4255b2649d15fd481cb9a6a816a11c2436d053c92dd5184b4c8286370923bc3b26494fbf027ac64f86b364838db451b6,DC Fahrzeugkupplung Typ Combo 2 (CCS),160,048a2eae0e9e1a9a4ae4c4b5034050a61cfeefdbbf54d6a40a79627d6aa33bca5657d72fe7e6c229764543fc099d6e906c5b389e97cd09b99e8f8a20c3335394f3,,,,,,,,,,,,
EWE Go GmbH,EWE Go GmbH,Barsbï¿½tteler Str.,45,,22043.0,Hamburg,Kreisfreie Stadt Hamburg,Hamburg,53.571058,10.144132,2023-05-08,135,Schnellladeeinrichtung,2.0,DC Fahrzeugkupplung Typ Combo 2 (CCS),135,,DC Fahrzeugkupplung Typ Combo 2 (CCS),135,,,,,,,,,,,,,
EWE Go GmbH,EWE Go GmbH,Ahrensburger Str.,156,,22045.0,Hamburg,Kreisfreie Stadt Hamburg,Hamburg,53.582379,10.108181,2023-05-08,150,Schnellladeeinrichtung,2.0,DC Fahrzeugkupplung Typ Combo 2 (CCS),75,,DC Fahrzeugkupplung Typ Combo 2 (CCS),75,,,,,,,,,,,,,
Shell Deutschland GmbH,,Friedrich Ebert Damm,171,,22047.0,Hamburg,Kreisfreie Stadt Hamburg,Hamburg,53.589492,10.200363,2020-11-05,175,Schnellladeeinrichtung,1.0,DC Fahrzeugkupplung Typ Combo 2 (CCS); DC CHAdeMO,175,,,,,,,,,,,,,,,,
Shell Deutschland GmbH,,Friedrich Ebert Damm,171,,22047.0,Hamburg,Kreisfreie Stadt Hamburg,Hamburg,53.589492,10.200363,2020-11-05,175,Schnellladeeinrichtung,1.0,DC Fahrzeugkupplung Typ Combo 2 (CCS); DC CHAdeMO,175,,,,,,,,,,,,,,,,
Shell Deutschland GmbH,,Friedrich-Ebert-Damm,171,,22047.0,Hamburg,Kreisfreie Stadt Hamburg,Hamburg,53.589581,10.100335,2023-03-31,360,Schnellladeeinrichtung,2.0,DC Fahrzeugkupplung Typ Combo 2 (CCS),360,,DC Fahrzeugkupplung Typ Combo 2 (CCS),360,,,,,,,,,,,,,
Kaufland Dienstleistung GmbH & Co. KG,Kaufland,Helbingtwiete,7/9,KLAND_1690_T53-HU1-2317-010,22047.0,Hamburg-Wandsbeck,Kreisfreie Stadt Hamburg,Hamburg,53.587591,10.095035,2017-11-30,93,Schnellladeeinrichtung,2.0,AC Typ 2 Fahrzeugkupplung,43,,DC Fahrzeugkupplung Typ Combo 2 (CCS); DC CHAdeMO,50,,,,,,,,,,,,,
Tesla Germany GmbH,,Helbingtwiete,4,,22047.0,Hamburg,Kreisfreie Stadt Hamburg,Hamburg,53.5867590,10.0979860,2023-07-07,"250,0",Schnellladeeinrichtung,1.0,DC Fahrzeugkupplung Typ Combo 2 (CCS),"250,0",04543558DED663A5B3BC656E6452CDFDBDD1EA7BACC6E0C56CE5A64F24A665112F8B34D30D78472BA5A0D7CB2A224F78E797AF59E21849BD82E3F8E34D0AEE8DED,,,,,,,,,,,,,,,
Tesla Germany GmbH,,Helbingtwiete,4,,22047.0,Hamburg,Kreisfreie Stadt Hamburg,Hamburg,53.5867590,10.0979860,2023-07-07,"250,0",Schnellladeeinrichtung,1.0,DC Fahrzeugkupplung Typ Combo 2 (CCS),"250,0",0475EB15D638112E0442DA1EED795CD4A6BC1E0697CEEC653E499B58FFC22B0280CAF38D5459D79FD736F78AC494394EE5AA4230E669E343DE2AF265479A2FB9DB,,,,,,,,,,,,,,,
Tesla Germany GmbH,,Helbingtwiete,4,,22047.0,Hamburg,Kreisfreie Stadt Hamburg,Hamburg,53.5867590,10.0979860,2023-07-07,"250,0",Schnellladeeinrichtung,1.0,DC Fahrzeugkupplung Typ Combo 2 (CCS),"250,0",047BAD940670ED091FB85777B6639506BB73CD6A05979ED8D308A79FA1EF8489C77A8FE9EE99E0449A2B29CFD9A6A08C8D8D6CF5B6202838B431F3EBC4A9E0AFB7,,,,,,,,,,,,,,,
Tesla Germany GmbH,,Helbingtwiete,4,,22047.0,Hamburg,Kreisfreie Stadt Hamburg,Hamburg,53.5867590,10.0979860,2023-07-07,"250,0",Schnellladeeinrichtung,1.0,DC Fahrzeugkupplung Typ Combo 2 (CCS),"250,0",0437FA9B45340A75CC6E5D5DBE4852ADFBBA366BE480994EE5E4CCBF0C56B03970DE8DA92724BFD3662836924623D230B553C98CC04E3EB5D1D8BA82A93374CAB7,,,,,,,,,,,,,,,
Tesla Germany GmbH,,Helbingtwiete,4,,22047.0,Hamburg,Kreisfreie Stadt Hamburg,Hamburg,53.5867590,10.0979860,2023-07-07,"250,0",Schnellladeeinrichtung,1.0,DC Fahrzeugkupplung Typ Combo 2 (CCS),"250,0",045635E735953FEB3376A86FA859941622A372BBE681C0BA3E82735C254539716E75522F72C4D699D6E0933DD66FE620A7857662746F47757BF17A1E4626A55AB7,,,,,,,,,,,,,,,
Tesla Germany GmbH,,Helbingtwiete,4,,22047.0,Hamburg,Kreisfreie Stadt Hamburg,Hamburg,53.5867590,10.0979860,2023-07-07,"250,0",Schnellladeeinrichtung,1.0,DC Fahrzeugkupplung Typ Combo 2 (CCS),"250,0",04A0238A70C3A13AB6ACF288CB4017D8AC5372CE3B32C26684215F5473CB9F2F2B0D6A3E6645610928AC85C9062EC91991500878A69999F8E93B869E05C99D3E5F,,,,,,,,,,,,,,,
Tesla Germany GmbH,,Helbingtwiete,4,,22047.0,Hamburg,Kreisfreie Stadt Hamburg,Hamburg,53.5867590,10.0979860,2023-07-07,"250,0",Schnellladeeinrichtung,1.0,DC Fahrzeugkupplung Typ Combo 2 (CCS),"250,0",04C6E18E8E1829511A1246378C844B7658D936DF8515B9A208048F489F83E156A2786C4E805F9C1F6691D9C587A17A94611666D2D3EEBE14EB189A218789074CF9,,,,,,,,,,,,,,,
Tesla Germany GmbH,,Helbingtwiete,4,,22047.0,Hamburg,Kreisfreie Stadt Hamburg,Hamburg,53.5867590,10.0979860,2023-07-07,"250,0",Schnellladeeinrichtung,1.0,DC Fahrzeugkupplung Typ Combo 2 (CCS),"250,0",04F189416A7DCB33A9B161617ACD2E400D2D1E7DD09CE2D0689EA1B6C8BBD93546C56575D1170CC353CC07BD2C38198C67D97927B403ECCC27CFA57379A326F80C,,,,,,,,,,,,,,,
Tesla Germany GmbH,,Helbingtwiete,4,,22047.0,Hamburg,Kreisfreie Stadt Hamburg,Hamburg,53.5867590,10.0979860,2023-07-07,"250,0",Schnellladeeinrichtung,1.0,DC Fahrzeugkupplung Typ Combo 2 (CCS),"250,0",0413F0ABD34760A74FDA57F80EB6B9E82D828182630455189E85C205659CBFA15C04731445D2B19EB962E70647FE7D8949D4D6888C152D90170EEE033D97383031,,,,,,,,,,,,,,,
Tesla Germany GmbH,,Helbingtwiete,4,,22047.0,Hamburg,Kreisfreie Stadt Hamburg,Hamburg,53.5867590,10.0979860,2023-07-07,"250,0",Schnellladeeinrichtung,1.0,DC Fahrzeugkupplung Typ Combo 2 (CCS),"250,0",0419F79568EF17C37655AA9350F4876C7BC21C69E21F792E47244D83120F28E9AE601A9E5B5DA46EE6F181ED0DCF980CF621A3B3B19310C1C0C4886D5AF659DFB5,,,,,,,,,,,,,,,
Tesla Germany GmbH,,Helbingtwiete,4,,22047.0,Hamburg,Kreisfreie Stadt Hamburg,Hamburg,53.5867590,10.0979860,2023-07-07,"250,0",Schnellladeeinrichtung,1.0,DC Fahrzeugkupplung Typ Combo 2 (CCS),"250,0",04646508E8FEEAF4F82CD2CBF383E7DBDC0102CCAE618C0F5652DE453904D769239F7231254E438FBDB6B77579385D31FA8C32BE9590B01AD6C18D277D0AE4BEF7,,,,,,,,,,,,,,,
Tesla Germany GmbH,,Helbingtwiete,4,,22047.0,Hamburg,Kreisfreie Stadt Hamburg,Hamburg,53.5867590,10.0979860,2023-07-07,"250,0",Schnellladeeinrichtung,1.0,DC Fahrzeugkupplung Typ Combo 2 (CCS),"250,0",04A5BA176B091F41D9BF4A1408946AF03E079621359775CF5A17CD0B5EEB5DCF1324F877BC0C0AB4BCAE72081402C7879E2FC479E9E1B8E9A53AF21171F2C71B89,,,,,,,,,,,,,,,
EnBW mobility+ AG und Co.KG ,,Alter Teichweg,65,,22049.0,Hamburg,Kreisfreie Stadt Hamburg,Hamburg,53.584064,10.058082,2023-11-08,150,Schnellladeeinrichtung,3.0,DC Fahrzeugkupplung Typ Combo 2 (CCS),150,,DC Fahrzeugkupplung Typ Combo 2 (CCS),150,,AC Typ 2 Steckdose,22,,,,,,,,,,
EnBW mobility+ AG und Co.KG ,,Alter Teichweg,65,,22049.0,Hamburg,Kreisfreie Stadt Hamburg,Hamburg,53.584064,10.058082,2023-11-08,300,Schnellladeeinrichtung,2.0,DC Fahrzeugkupplung Typ Combo 2 (CCS),300,,DC Fahrzeugkupplung Typ Combo 2 (CCS),300,,,,,,,,,,,,,
Allego GmbH,Allego,Dehnhaide,57,,22081.0,Hamburg,Kreisfreie Stadt Hamburg,Hamburg,53.579083,10.0466,2023-05-12,150,Schnellladeeinrichtung,2.0,DC Fahrzeugkupplung Typ Combo 2 (CCS),150,3056301006072A8648CE3D020106052B8104000A034200049B26A988B8A6D5F9D700928670E12482D7936CE35B4F8DB3825D9FD39CC70EE087378DA64F9CFF8A8B345E83876B73B99A3D5ACC76CF15089AF64DAF38EFCB22,DC Fahrzeugkupplung Typ Combo 2 (CCS),150,3056301006072A8648CE3D020106052B8104000A03420004F5E552086A67BCBA33BB3700E4B7C796073652BEE77079605EED673E5CEBE15F47E7D15DABE585E422AC4E13ECA3B4F04AD451A9A2721727E6EC9512C0E485AD,,,,,,,,,,,,
BP Europa SE,Aral Pulse,Dehnhaide,49,,22081.0,Hamburg,Kreisfreie Stadt Hamburg,Hamburg,53.57949,10.04501,2022-12-23,300,Schnellladeeinrichtung,2.0,DC Fahrzeugkupplung Typ Combo 2 (CCS); DC CHAdeMO,300,,DC Fahrzeugkupplung Typ Combo 2 (CCS),300,,,,,,,,,,,,,
BP Europa SE,Aral Pulse,Dehnhaide,49,,22081.0,Hamburg,Kreisfreie Stadt Hamburg,Hamburg,53.57949,10.04501,2022-12-24,300,Schnellladeeinrichtung,2.0,DC Fahrzeugkupplung Typ Combo 2 (CCS); DC CHAdeMO,300,,DC Fahrzeugkupplung Typ Combo 2 (CCS),300,,,,,,,,,,,,,
Allego GmbH,Allego,Weidestr.,122c,,22083.0,Hamburg,Kreisfreie Stadt Hamburg,Hamburg,53.581831,10.027483,2023-02-01,150,Schnellladeeinrichtung,2.0,DC Fahrzeugkupplung Typ Combo 2 (CCS),150,3056301006072A8648CE3D020106052B8104000A03420004C67D118B50B6151A50F370C1794C6DF42A3F57D16F8EF38F11884AD557472046BCC2E4BFD031EFFC1B0F15C043277F9D6EF356CC353E43C509D6A9E11853FF7C,DC Fahrzeugkupplung Typ Combo 2 (CCS),150,3056301006072A8648CE3D020106052B8104000A0342000475FFD4C4FC8A9DE900E89C35A151926204780038934546FD8DF946794ABB251AC5BED2C3ED55A28612A5ED19CA4D469FF540E37964837C83B8D2B20538D09A90,,,,,,,,,,,,
Allego GmbH,Allego,Weidestr.,122c,,22083.0,Hamburg,Kreisfreie Stadt Hamburg,Hamburg,53.58185,10.027591,2023-02-01,300,Schnellladeeinrichtung,2.0,DC Fahrzeugkupplung Typ Combo 2 (CCS),300,3056301006072A8648CE3D020106052B8104000A03420004BF39A5386BA1C43A2CA1C7F5B0FA9D2AE83955FC0B23A3B5D0130FA67BF9CDCA86B8687038547B0D24C58A0F72B3FABB2D8C83850A1BC932731E760C770A161B,DC Fahrzeugkupplung Typ Combo 2 (CCS),300,3056301006072A8648CE3D020106052B8104000A03420004702ACF41E9D864397CBE3E68C06F942A7046CE132AE302DF6F0DE4CDE020C6DD19094482155B45780DE377C6F221F726A5D75673E71D7E780C5F46543D527263,,,,,,,,,,,,
Allego GmbH,Allego,Weidestr.,122c,,22083.0,Hamburg,Kreisfreie Stadt Hamburg,Hamburg,53.581848,10.027725,2023-02-01,300,Schnellladeeinrichtung,2.0,DC Fahrzeugkupplung Typ Combo 2 (CCS),300,3056301006072A8648CE3D020106052B8104000A034200047EC3F4BA6020D6E326A3DA22FD13F203A4D10EFFA47FDA22B83EC1B09511172C13C0BA39C4994DAF637D0F7C1DC74AAA722ABCC08A73274313EAA773F333AE03,DC Fahrzeugkupplung Typ Combo 2 (CCS),300,3056301006072A8648CE3D020106052B8104000A03420004951BFA8CD942FE80830D73B0B869B936CF49C9E639F53225E43730B46E3C1DCDDBF3336631DC93294CEAC3B3C4489F0228F69B14EC25D885F1AF87F1ED0986E9,,,,,,,,,,,,
Shell Deutschland GmbH,,Winterhuder Weg,72,,22085.0,Hamburg,Kreisfreie Stadt Hamburg,Hamburg,53.57406,10.02347,2022-07-07,360,Schnellladeeinrichtung,2.0,DC Fahrzeugkupplung Typ Combo 2 (CCS),360,,DC Fahrzeugkupplung Typ Combo 2 (CCS),360,,,,,,,,,,,,,
Shell Deutschland GmbH,,Winterhuder Weg,72,,22085.0,Hamburg,Kreisfreie Stadt Hamburg,Hamburg,53.57403,10.02351,2022-07-07,360,Schnellladeeinrichtung,2.0,DC Fahrzeugkupplung Typ Combo 2 (CCS),360,,DC Fahrzeugkupplung Typ Combo 2 (CCS),360,,,,,,,,,,,,,
Hamburger Energiewerke Mobil GmbH,HEnW-Mobil,Rennbahnstr.,26,,22111.0,Hamburg,Kreisfreie Stadt Hamburg,Hamburg,53.553164,10.084678,2022-07-30,150,Schnellladeeinrichtung,3.0,DC Fahrzeugkupplung Typ Combo 2 (CCS),150,,DC Fahrzeugkupplung Typ Combo 2 (CCS),150,,AC Typ 2 Steckdose,22,,,,,,,,,,
Hamburger Energiewerke Mobil GmbH,HEnW-Mobil,Rennbahnstr.,26,,22111.0,Hamburg,Kreisfreie Stadt Hamburg,Hamburg,53.553164,10.084678,2022-11-17,150,Schnellladeeinrichtung,3.0,DC Fahrzeugkupplung Typ Combo 2 (CCS),150,,DC Fahrzeugkupplung Typ Combo 2 (CCS),150,,AC Typ 2 Steckdose,22,,,,,,,,,,
Allego GmbH,Allego,Am Schiffbeker Berg,6a,,22111.0,Hamburg,Kreisfreie Stadt Hamburg,Hamburg,53.542346,10.092252,2018-07-17,93,Schnellladeeinrichtung,2.0,DC Fahrzeugkupplung Typ Combo 2 (CCS); DC CHAdeMO,50,,AC Typ 2 Fahrzeugkupplung,43,,,,,,,,,,,,,
EWE Go GmbH,EWE Go GmbH,Amandus-Stubbe-Str.,8,,22113.0,Hamburg,Kreisfreie Stadt Hamburg,Hamburg,53.504912,10.090144,2023-03-27,320,Schnellladeeinrichtung,2.0,DC Fahrzeugkupplung Typ Combo 2 (CCS),320,,DC Fahrzeugkupplung Typ Combo 2 (CCS),320,,,,,,,,,,,,,
EWE Go GmbH,EWE Go GmbH,Amandus-Stubbe-Str.,8,,22113.0,Hamburg,Kreisfreie Stadt Hamburg,Hamburg,53.504912,10.090144,2023-03-27,320,Schnellladeeinrichtung,2.0,DC Fahrzeugkupplung Typ Combo 2 (CCS),320,,DC Fahrzeugkupplung Typ Combo 2 (CCS),320,,,,,,,,,,,,,
EnBW mobility+ AG und Co.KG ,,Andreas-Meyerstrasse,44,,22113.0,Hamburg,Kreisfreie Stadt Hamburg,Hamburg,53.309232,10.049096,2020-03-15,300,Schnellladeeinrichtung,2.0,DC Fahrzeugkupplung Typ Combo 2 (CCS),300,,DC Fahrzeugkupplung Typ Combo 2 (CCS); DC CHAdeMO,300,,,,,,,,,,,,,
EnBW mobility+ AG und Co.KG ,,Andreas-Meyerstrasse,44,,22113.0,Hamburg,Kreisfreie Stadt Hamburg,Hamburg,53.309232,10.049096,2020-04-01,300,Schnellladeeinrichtung,2.0,DC Fahrzeugkupplung Typ Combo 2 (CCS),300,,DC Fahrzeugkupplung Typ Combo 2 (CCS); DC CHAdeMO,300,,,,,,,,,,,,,
EnBW mobility+ AG und Co.KG ,,Andreas-Meyer-Strasse,44,,22113.0,Hamburg,Kreisfreie Stadt Hamburg,Hamburg,53.515415,10.081894,2023-10-10,300,Schnellladeeinrichtung,2.0,DC Fahrzeugkupplung Typ Combo 2 (CCS),300,,DC Fahrzeugkupplung Typ Combo 2 (CCS),300,,,,,,,,,,,,,
BP Europa SE,Aral Pulse,Amandus-Stubbe-Strasse,6,,22113.0,Hamburg,Kreisfreie Stadt Hamburg,Hamburg,53.505758,10.089668,2023-12-15,300,Schnellladeeinrichtung,2.0,DC Fahrzeugkupplung Typ Combo 2 (CCS),300,,DC Fahrzeugkupplung Typ Combo 2 (CCS),300,,,,,,,,,,,,,
BP Europa SE,Aral Pulse,Amandus-Stubbe-Strasse,6,,22113.0,Hamburg,Kreisfreie Stadt Hamburg,Hamburg,53.505758,10.089668,2023-12-15,300,Schnellladeeinrichtung,2.0,DC Fahrzeugkupplung Typ Combo 2 (CCS),300,,DC Fahrzeugkupplung Typ Combo 2 (CCS),300,,,,,,,,,,,,,
BP Europa SE,Aral Pulse,Amandus-Stubbe-Strasse,6,,22113.0,Hamburg,Kreisfreie Stadt Hamburg,Hamburg,53.505758,10.089668,2023-12-15,300,Schnellladeeinrichtung,2.0,DC Fahrzeugkupplung Typ Combo 2 (CCS),300,,DC Fahrzeugkupplung Typ Combo 2 (CCS),300,,,,,,,,,,,,,
BP Europa SE,Aral Pulse,Amandus-Stubbe-Strasse,6,,22113.0,Hamburg,Kreisfreie Stadt Hamburg,Hamburg,53.505758,10.089668,2023-12-15,300,Schnellladeeinrichtung,2.0,DC Fahrzeugkupplung Typ Combo 2 (CCS),300,,DC Fahrzeugkupplung Typ Combo 2 (CCS),300,,,,,,,,,,,,,
BP Europa SE,Aral Pulse,Amandus-Stubbe-Strasse,6,,22113.0,Hamburg,Kreisfreie Stadt Hamburg,Hamburg,53.505758,10.089668,2023-12-15,300,Schnellladeeinrichtung,2.0,DC Fahrzeugkupplung Typ Combo 2 (CCS),300,,DC Fahrzeugkupplung Typ Combo 2 (CCS),300,,,,,,,,,,,,,
BP Europa SE,Aral Pulse,Amandus-Stubbe-Strasse,6,,22113.0,Hamburg,Kreisfreie Stadt Hamburg,Hamburg,53.505758,10.089668,2023-12-15,300,Schnellladeeinrichtung,2.0,DC Fahrzeugkupplung Typ Combo 2 (CCS),300,,DC Fahrzeugkupplung Typ Combo 2 (CCS),300,,,,,,,,,,,,,
BP Europa SE,Aral Pulse,Amandus-Stubbe-Strasse,6,,22113.0,Hamburg,Kreisfreie Stadt Hamburg,Hamburg,53.505758,10.089668,2023-12-15,300,Schnellladeeinrichtung,2.0,DC Fahrzeugkupplung Typ Combo 2 (CCS),300,,DC Fahrzeugkupplung Typ Combo 2 (CCS),300,,,,,,,,,,,,,
Shell Deutschland GmbH,,Schiffbeker Weg,90/92,,22119.0,Hamburg,Kreisfreie Stadt Hamburg,Hamburg,53.548596,10.108725,2020-05-28,175,Schnellladeeinrichtung,1.0,DC Fahrzeugkupplung Typ Combo 2 (CCS); DC CHAdeMO,175,,,,,,,,,,,,,,,,
Shell Deutschland GmbH,,Schiffbeker Weg,90/92,,22119.0,Hamburg,Kreisfreie Stadt Hamburg,Hamburg,53.548596,10.108725,2020-05-28,175,Schnellladeeinrichtung,1.0,DC Fahrzeugkupplung Typ Combo 2 (CCS); DC CHAdeMO,175,,,,,,,,,,,,,,,,
EWE Go GmbH,EWE Go GmbH,Sieker Landtraï¿½e,126,,22143.0,Hamburg,Kreisfreie Stadt Hamburg,Hamburg,53.608225,10.190551,2022-08-02,150,Schnellladeeinrichtung,2.0,DC Fahrzeugkupplung Typ Combo 2 (CCS),150,,DC Fahrzeugkupplung Typ Combo 2 (CCS),150,,,,,,,,,,,,,
Comfortcharge GmbH,Comfort Charge,Berner Allee,29,,22159.0,Hamburg,Kreisfreie Stadt Hamburg,Hamburg,53.62851,10.1347,2019-10-13,150,Schnellladeeinrichtung,2.0,DC Fahrzeugkupplung Typ Combo 2 (CCS),150,,DC Fahrzeugkupplung Typ Combo 2 (CCS),150,,,,,,,,,,,,,
Allego GmbH,Allego,An der Walddï¿½rferbahn,1,,22159.0,Hamburg,Kreisfreie Stadt Hamburg,Hamburg,53.604257,10.115999,2022-03-24,150,Schnellladeeinrichtung,2.0,DC Fahrzeugkupplung Typ Combo 2 (CCS),300,3056301006072A8648CE3D020106052B8104000A03420004CF5B0AA42701B807EB1004FF4DE91202A84E3C4D9510BBD3D3F0934228D1E641613D2395425BE942BBFF3CCFFF7B9885CEDE0DDE99DCBFCC747479700863FAF8,DC Fahrzeugkupplung Typ Combo 2 (CCS),300,3056301006072A8648CE3D020106052B8104000A03420004F3F13186CB0E27AB14D9A51FF2FD431AFCC1F52102C3D881CC541846318B61F7F80C0E4EC87CE568D189419A58A955094FD08857B30BE82776F8E65AE8EDCB92,,,,,,,,,,,,
Allego GmbH,Allego,An der Walddï¿½rferbahn,1,,22159.0,Hamburg,Kreisfreie Stadt Hamburg,Hamburg,53.604348,10.116073,2022-03-24,300,Schnellladeeinrichtung,2.0,DC Fahrzeugkupplung Typ Combo 2 (CCS),300,3056301006072A8648CE3D020106052B8104000A03420004D3E9F863F493C2BF45F4CD234F39104C5CB9AD49E300213D715757A8CEF2C93919FB4E801D4A188F1716F0E92363499081543B4EE23BFE5A72ACB7C70842B8C1,DC Fahrzeugkupplung Typ Combo 2 (CCS),300,3056301006072A8648CE3D020106052B8104000A034200044941AC0D1D1B749DC1A4C81479F9429D27429D12B0D1D49C7571A947CED0DCAF35A455B40607CA5E710EBF498D33410F5BD1FABE21CBA3A6DEF3C3A0464BF4B2,,,,,,,,,,,,
Allego GmbH,Allego,An der Walddï¿½rferbahn,1,,22159.0,Hamburg,Kreisfreie Stadt Hamburg,Hamburg,53.604308,10.116166,2022-03-29,300,Schnellladeeinrichtung,2.0,DC Fahrzeugkupplung Typ Combo 2 (CCS),300,3056301006072A8648CE3D020106052B8104000A03420004C5497D3EA65FAA9BE3CB97AAA854A2B05910023F712738B92B5652C95659820800E6C0D7FAB313F09686A75EE03BF2A687C8A71E3BD72408035A77C4A719EBC0,DC Fahrzeugkupplung Typ Combo 2 (CCS),300,3056301006072A8648CE3D020106052B8104000A034200041DA970FF358163B6A64C0A8F156936EF91A844F35E26BD46542275C002F759B87095E7EEE5E2D41EB6F4430B9B3B3551FEC670F29CEF8992C9461200BEA61058,,,,,,,,,,,,
Shell Deutschland GmbH,,Bramfelder Chaussee,370,,22175.0,Hamburg,Kreisfreie Stadt Hamburg,Hamburg,53.622466,10.083971,2021-06-14,175,Schnellladeeinrichtung,1.0,DC Fahrzeugkupplung Typ Combo 2 (CCS); DC CHAdeMO,175,,,,,,,,,,,,,,,,
Shell Deutschland GmbH,,Bramfelder Chaussee,370,,22175.0,Hamburg,Kreisfreie Stadt Hamburg,Hamburg,53.622466,10.083971,2021-06-14,175,Schnellladeeinrichtung,1.0,DC Fahrzeugkupplung Typ Combo 2 (CCS); DC CHAdeMO,175,,,,,,,,,,,,,,,,
EnBW mobility+ AG und Co.KG ,,Bramfelder Chaussee,136,,22177.0,Hamburg,Kreisfreie Stadt Hamburg,Hamburg,53.603546,10.072077,2023-11-09,150,Schnellladeeinrichtung,2.0,DC Fahrzeugkupplung Typ Combo 2 (CCS),150,,DC Fahrzeugkupplung Typ Combo 2 (CCS),150,,,,,,,,,,,,,
EnBW mobility+ AG und Co.KG ,,Bramfelder Chaussee,136,,22177.0,Hamburg,Kreisfreie Stadt Hamburg,Hamburg,53.603546,10.072077,2023-11-09,150,Schnellladeeinrichtung,2.0,DC Fahrzeugkupplung Typ Combo 2 (CCS),150,,DC Fahrzeugkupplung Typ Combo 2 (CCS),150,,,,,,,,,,,,,
EnBW mobility+ AG und Co.KG ,,Bramfelder Chaussee,136,,22177.0,Hamburg,Kreisfreie Stadt Hamburg,Hamburg,53.603546,10.072077,2023-11-09,300,Schnellladeeinrichtung,3.0,DC Fahrzeugkupplung Typ Combo 2 (CCS),300,,DC Fahrzeugkupplung Typ Combo 2 (CCS); DC CHAdeMO,300,,AC Typ 2 Steckdose,22,,,,,,,,,,
EnBW mobility+ AG und Co.KG ,,Bramfelder Chaussee,136,,22177.0,Hamburg,Kreisfreie Stadt Hamburg,Hamburg,53.603546,10.072077,2023-11-09,300,Schnellladeeinrichtung,3.0,DC Fahrzeugkupplung Typ Combo 2 (CCS),300,,DC Fahrzeugkupplung Typ Combo 2 (CCS); DC CHAdeMO,300,,AC Typ 2 Steckdose,22,,,,,,,,,,
Hamburger Energiewerke Mobil GmbH,HEnW-Mobil,Fuhlsbï¿½ttler Str.,179,,22307.0,Hamburg,Kreisfreie Stadt Hamburg,Hamburg,53.59469,10.043795,2022-03-17,150,Schnellladeeinrichtung,2.0,DC Fahrzeugkupplung Typ Combo 2 (CCS),150,,DC Fahrzeugkupplung Typ Combo 2 (CCS),150,,,,,,,,,,,,,
Comfortcharge GmbH,Comfort Charge,Schmachthï¿½ger Str,8,,22309.0,Hamburg,Kreisfreie Stadt Hamburg,Hamburg,53.60375,10.04841,2019-11-13,150,Schnellladeeinrichtung,3.0,DC Fahrzeugkupplung Typ Combo 2 (CCS); DC CHAdeMO,150,,AC Typ 2 Steckdose,22,,AC Typ 2 Fahrzeugkupplung,22,,,,,,,,,,
Comfortcharge GmbH,Comfort Charge,Schmachthï¿½ger Str,8,,22309.0,Hamburg,Kreisfreie Stadt Hamburg,Hamburg,53.6037,10.04833,2022-11-07,150,Schnellladeeinrichtung,4.0,DC Fahrzeugkupplung Typ Combo 2 (CCS),150,,DC Fahrzeugkupplung Typ Combo 2 (CCS),50,,AC Typ 2 Steckdose,22,,AC Typ 2 Fahrzeugkupplung,22,,,,,,,
EWE Go GmbH,EWE Go GmbH,Steilshooper Allee,5-7,,22309.0,Hamburg,Kreisfreie Stadt Hamburg,Hamburg,53.60834,10.046068,2023-02-01,160,Schnellladeeinrichtung,2.0,DC Fahrzeugkupplung Typ Combo 2 (CCS),160,,DC Fahrzeugkupplung Typ Combo 2 (CCS),160,,,,,,,,,,,,,
E.ON Drive GmbH,,Eichenlohweg,17,,22309.0,Hamburg,Kreisfreie Stadt Hamburg,Hamburg,53.608976,10.043139,2019-01-01,"93,0",Schnellladeeinrichtung,2.0,AC Typ 2 Fahrzeugkupplung,"43,0",,DC Fahrzeugkupplung Typ Combo 2 (CCS); DC CHAdeMO,"50,0",,,,,,,,,,,,,
Shell Deutschland GmbH,,Alsterkrugchaussee,431,,22335.0,Hamburg,Kreisfreie Stadt Hamburg,Hamburg,53.62138,10.1,2022-11-17,360,Schnellladeeinrichtung,2.0,DC Fahrzeugkupplung Typ Combo 2 (CCS),360,,DC Fahrzeugkupplung Typ Combo 2 (CCS),360,,,,,,,,,,,,,
Shell Deutschland GmbH,,Alsterkrugchaussee,431,,22335.0,Hamburg,Kreisfreie Stadt Hamburg,Hamburg,53.62143,10.00971,2022-11-17,360,Schnellladeeinrichtung,2.0,DC Fahrzeugkupplung Typ Combo 2 (CCS),360,,DC Fahrzeugkupplung Typ Combo 2 (CCS),360,,,,,,,,,,,,,
BP Europa SE,Aral Pulse,Langenhorner Chaussee,53-61,,22335.0,Hamburg,Kreisfreie Stadt Hamburg,Hamburg,53.638807,10.01319,2022-06-20,300,Schnellladeeinrichtung,2.0,DC Fahrzeugkupplung Typ Combo 2 (CCS); DC CHAdeMO,300,,DC Fahrzeugkupplung Typ Combo 2 (CCS),300,,,,,,,,,,,,,
BP Europa SE,Aral Pulse,Langenhorner Chaussee,53-61,,22335.0,Hamburg,Kreisfreie Stadt Hamburg,Hamburg,53.638807,10.01319,2022-06-20,300,Schnellladeeinrichtung,2.0,DC Fahrzeugkupplung Typ Combo 2 (CCS); DC CHAdeMO,300,,DC Fahrzeugkupplung Typ Combo 2 (CCS),300,,,,,,,,,,,,,
BP Europa SE,Aral Pulse,Langenhorner Chaussee,53-61,,22335.0,Hamburg,Kreisfreie Stadt Hamburg,Hamburg,53.638807,10.01319,2023-07-03,300,Schnellladeeinrichtung,2.0,DC Fahrzeugkupplung Typ Combo 2 (CCS),300,,DC Fahrzeugkupplung Typ Combo 2 (CCS),300,,,,,,,,,,,,,
BP Europa SE,Aral Pulse,Langenhorner Chaussee,53-61,,22335.0,Hamburg,Kreisfreie Stadt Hamburg,Hamburg,53.638807,10.01319,2023-07-03,300,Schnellladeeinrichtung,2.0,DC Fahrzeugkupplung Typ Combo 2 (CCS),300,,DC Fahrzeugkupplung Typ Combo 2 (CCS),300,,,,,,,,,,,,,
Hallenbau Fr. Schmitz GmbH &Co.Grundstuecksverwaltung KG,,Wesselblek,8,,22339.0,Hamburg,Kreisfreie Stadt Hamburg,Hamburg,53.639394,10.057397,2023-12-18,"50,0",Schnellladeeinrichtung,2.0,DC Fahrzeugkupplung Typ Combo 2 (CCS),"50,0",,AC Typ 2 Steckdose,"22,0",,,,,,,,,,,,,
Shell Deutschland GmbH,,Harksheider Str.,35,,22399.0,Hamburg,Kreisfreie Stadt Hamburg,Hamburg,53.662787,10.078729,2022-12-14,360,Schnellladeeinrichtung,2.0,DC Fahrzeugkupplung Typ Combo 2 (CCS),360,,DC Fahrzeugkupplung Typ Combo 2 (CCS),360,,,,,,,,,,,,,
BP Europa SE,Aral Pulse,Poppenbï¿½tteler Weg,126,,22399.0,Hamburg,Kreisfreie Stadt Hamburg,Hamburg,53.649732,10.064419,2023-03-30,300,Schnellladeeinrichtung,2.0,DC Fahrzeugkupplung Typ Combo 2 (CCS); DC CHAdeMO,300,,DC Fahrzeugkupplung Typ Combo 2 (CCS),300,,,,,,,,,,,,,
BP Europa SE,Aral Pulse,Poppenbï¿½tteler Weg,126,,22399.0,Hamburg,Kreisfreie Stadt Hamburg,Hamburg,53.649732,10.064419,2023-03-30,300,Schnellladeeinrichtung,2.0,DC Fahrzeugkupplung Typ Combo 2 (CCS); DC CHAdeMO,300,,DC Fahrzeugkupplung Typ Combo 2 (CCS),300,,,,,,,,,,,,,
Comfortcharge GmbH,Comfort Charge,Tweeltenbek,23,,22417.0,Hamburg,Kreisfreie Stadt Hamburg,Hamburg,53.67776,10.01808,2019-10-26,100,Schnellladeeinrichtung,4.0,DC Fahrzeugkupplung Typ Combo 2 (CCS),100,,AC Typ 2 Steckdose,22,,AC Typ 2 Fahrzeugkupplung,22,,DC Fahrzeugkupplung Typ Combo 2 (CCS),100,,,,,,,
EnBW mobility+ AG und Co.KG ,,Tarpen,19,,22419.0,Hamburg,Kreisfreie Stadt Hamburg,Hamburg,53.66491,9.99518,2022-12-08,150,Schnellladeeinrichtung,2.0,DC Fahrzeugkupplung Typ Combo 2 (CCS),150,,DC Fahrzeugkupplung Typ Combo 2 (CCS),150,,,,,,,,,,,,,
EnBW mobility+ AG und Co.KG ,,Tarpen,19,,22419.0,Hamburg,Kreisfreie Stadt Hamburg,Hamburg,53.66491,9.99518,2022-12-08,300,Schnellladeeinrichtung,2.0,DC Fahrzeugkupplung Typ Combo 2 (CCS),300,,DC Fahrzeugkupplung Typ Combo 2 (CCS),300,,,,,,,,,,,,,
Comfortcharge GmbH,Comfort Charge,Kollaustr.,128,,22453.0,Hamburg,Kreisfreie Stadt Hamburg,Hamburg,53.611306,9.957694,2019-09-08,150,Schnellladeeinrichtung,2.0,DC Fahrzeugkupplung Typ Combo 2 (CCS),150,,DC Fahrzeugkupplung Typ Combo 2 (CCS),150,,,,,,,,,,,,,
Lidl Dienstleistung GmbH & Co. KGe,Lidl,Pinnebergerstr.,16,LDE_3067_22739,22457.0,Hamburg,Kreisfreie Stadt Hamburg,Hamburg,53.632702,9.907909,2020-11-20,50,Schnellladeeinrichtung,3.0,AC Typ 2 Steckdose; AC Typ 2 Fahrzeugkupplung,22,,AC Typ 2 Fahrzeugkupplung; DC Fahrzeugkupplung Typ Combo 2 (CCS),50,,AC Typ 2 Fahrzeugkupplung; DC CHAdeMO,50,,,,,,,,,,
Pfalzwerke AG,Pfalzwerke AG,Holsteiner Chaussee,49,,22523.0,Hamburg,Kreisfreie Stadt Hamburg,Hamburg,53.614194,9.905872,2020-06-24,93,Schnellladeeinrichtung,2.0,AC Typ 2 Fahrzeugkupplung,43,,DC Fahrzeugkupplung Typ Combo 2 (CCS); DC CHAdeMO,50,,,,,,,,,,,,,
Shell Deutschland GmbH,,Schnackenburg Allee,12,,22525.0,Hamburg,Kreisfreie Stadt Hamburg,Hamburg,53.5734,9.91931,2020-12-23,175,Schnellladeeinrichtung,1.0,DC Fahrzeugkupplung Typ Combo 2 (CCS); DC CHAdeMO,175,,,,,,,,,,,,,,,,
Shell Deutschland GmbH,,Schnackenburg Allee,12,,22525.0,Hamburg,Kreisfreie Stadt Hamburg,Hamburg,53.5734,9.91931,2020-12-23,175,Schnellladeeinrichtung,1.0,DC Fahrzeugkupplung Typ Combo 2 (CCS); DC CHAdeMO,175,,,,,,,,,,,,,,,,
Shell Deutschland GmbH,,Volksparkstrasse,44-46,,22525.0,Hamburg,Kreisfreie Stadt Hamburg,Hamburg,53.592114,9.921419,2021-09-13,175,Schnellladeeinrichtung,1.0,DC Fahrzeugkupplung Typ Combo 2 (CCS); DC CHAdeMO,175,,,,,,,,,,,,,,,,
Shell Deutschland GmbH,,Volksparkstrasse,44-46,,22525.0,Hamburg,Kreisfreie Stadt Hamburg,Hamburg,53.592114,9.921419,2021-09-13,175,Schnellladeeinrichtung,1.0,DC Fahrzeugkupplung Typ Combo 2 (CCS); DC CHAdeMO,175,,,,,,,,,,,,,,,,
Lidl Dienstleistung GmbH & Co. KGe,Lidl,Kielerstr.,310,LDE_1880_22746,22525.0,Hamburg,Kreisfreie Stadt Hamburg,Hamburg,53.585278,9.933303,2020-11-20,50,Schnellladeeinrichtung,3.0,AC Typ 2 Steckdose; AC Typ 2 Fahrzeugkupplung,22,,AC Typ 2 Fahrzeugkupplung; DC Fahrzeugkupplung Typ Combo 2 (CCS),50,,AC Typ 2 Fahrzeugkupplung; DC CHAdeMO,50,,,,,,,,,,
EWE Go GmbH,EWE Go GmbH,Luruper Hauptstr.,97,,22547.0,Hamburg,Kreisfreie Stadt Hamburg,Hamburg,53.58787,9.875287,2023-03-09,160,Schnellladeeinrichtung,2.0,DC Fahrzeugkupplung Typ Combo 2 (CCS),160,,DC Fahrzeugkupplung Typ Combo 2 (CCS),160,,,,,,,,,,,,,
Kaufland Dienstleistung GmbH & Co. KG,Kaufland,Eckhoffplatz,1,KLAND_8170_1225004440001,22547.0,Hamburg,Kreisfreie Stadt Hamburg,Hamburg,53.591154,9.87507,2023-03-23,72,Schnellladeeinrichtung,3.0,AC Typ 2 Steckdose,22,,DC Fahrzeugkupplung Typ Combo 2 (CCS); DC CHAdeMO,30,,DC Fahrzeugkupplung Typ Combo 2 (CCS); DC CHAdeMO,30,,,,,,,,,,
EnBW mobility+ AG und Co.KG ,,Rugenbarg,252,,22549.0,Hamburg,Kreisfreie Stadt Hamburg,Hamburg,53.58572,9.87224,2023-03-22,150,Schnellladeeinrichtung,2.0,DC Fahrzeugkupplung Typ Combo 2 (CCS),150,,DC Fahrzeugkupplung Typ Combo 2 (CCS),150,,,,,,,,,,,,,
EnBW mobility+ AG und Co.KG ,,Rugenbarg,252,,22549.0,Hamburg,Kreisfreie Stadt Hamburg,Hamburg,53.58572,9.87224,2023-03-22,150,Schnellladeeinrichtung,2.0,DC Fahrzeugkupplung Typ Combo 2 (CCS),150,,DC Fahrzeugkupplung Typ Combo 2 (CCS),150,,,,,,,,,,,,,
EnBW mobility+ AG und Co.KG ,,Rugenbarg,252,,22549.0,Hamburg,Kreisfreie Stadt Hamburg,Hamburg,53.58572,9.87224,2023-03-22,300,Schnellladeeinrichtung,2.0,DC Fahrzeugkupplung Typ Combo 2 (CCS),300,,DC Fahrzeugkupplung Typ Combo 2 (CCS),300,,,,,,,,,,,,,
EnBW mobility+ AG und Co.KG ,,Rugenbarg,252,,22549.0,Hamburg,Kreisfreie Stadt Hamburg,Hamburg,53.58572,9.87224,2023-03-22,300,Schnellladeeinrichtung,2.0,DC Fahrzeugkupplung Typ Combo 2 (CCS),300,,DC Fahrzeugkupplung Typ Combo 2 (CCS),300,,,,,,,,,,,,,
Comfortcharge GmbH,Comfort Charge,Rissener Busch,23,,22559.0,Hamburg,Kreisfreie Stadt Hamburg,Hamburg,53.57955,9.76399,2020-02-13,100,Schnellladeeinrichtung,4.0,DC Fahrzeugkupplung Typ Combo 2 (CCS),100,,AC Typ 2 Steckdose,22,,AC Typ 2 Fahrzeugkupplung,22,,DC Fahrzeugkupplung Typ Combo 2 (CCS),100,,,,,,,
Hamburger Energiewerke Mobil GmbH,HEnW-Mobil,Elbchaussee,564,,22587.0,Hamburg,Kreisfreie Stadt Hamburg,Hamburg,53.559759,9.814603,2021-11-12,150,Schnellladeeinrichtung,3.0,DC Fahrzeugkupplung Typ Combo 2 (CCS),150,,DC Fahrzeugkupplung Typ Combo 2 (CCS),150,,AC Typ 2 Steckdose,22,,,,,,,,,,
Hamburger Energiewerke Mobil GmbH,HEnW-Mobil,Oesterleystr.,2,,22587.0,Hamburg,Kreisfreie Stadt Hamburg,Hamburg,53.560692,9.810623,2021-12-17,150,Schnellladeeinrichtung,3.0,DC Fahrzeugkupplung Typ Combo 2 (CCS),150,,DC Fahrzeugkupplung Typ Combo 2 (CCS),150,,AC Typ 2 Steckdose,22,,,,,,,,,,
Lidl Dienstleistung GmbH & Co. KGe,Lidl,Osdorfer Landstrasse,8-10,LDE_3869_22745,22607.0,Hamburg,Kreisfreie Stadt Hamburg,Hamburg,53.570421,9.876441,2020-11-20,50,Schnellladeeinrichtung,3.0,AC Typ 2 Steckdose; AC Typ 2 Fahrzeugkupplung,22,,AC Typ 2 Fahrzeugkupplung; DC Fahrzeugkupplung Typ Combo 2 (CCS),50,,AC Typ 2 Fahrzeugkupplung; DC CHAdeMO,50,,,,,,,,,,
BP Europa SE,Aral Pulse,Osdorfer Landstrasse,26,,22607.0,Hamburg,Kreisfreie Stadt Hamburg,Hamburg,53.570474,9.871881,2023-06-30,300,Schnellladeeinrichtung,2.0,DC Fahrzeugkupplung Typ Combo 2 (CCS),300,,DC Fahrzeugkupplung Typ Combo 2 (CCS),300,,,,,,,,,,,,,
BP Europa SE,Aral Pulse,Osdorfer Landstrasse,26,,22607.0,Hamburg,Kreisfreie Stadt Hamburg,Hamburg,53.570474,9.871881,2023-06-30,300,Schnellladeeinrichtung,2.0,DC Fahrzeugkupplung Typ Combo 2 (CCS),300,,DC Fahrzeugkupplung Typ Combo 2 (CCS),300,,,,,,,,,,,,,
BP Europa SE,Aral Pulse,Osdorfer Landstrasse,25,,22607.0,Hamburg,Kreisfreie Stadt Hamburg,Hamburg,53.570519,9.871886,2023-06-30,300,Schnellladeeinrichtung,2.0,DC Fahrzeugkupplung Typ Combo 2 (CCS),300,,DC Fahrzeugkupplung Typ Combo 2 (CCS),300,,,,,,,,,,,,,
Tesla Germany GmbH,,Osdorfer Landstrasse,131-135,,22609.0,Hamburg,Kreisfreie Stadt Hamburg,Hamburg,53.5716060,9.8608330,2023-04-05,"250,0",Schnellladeeinrichtung,1.0,DC Fahrzeugkupplung Typ Combo 2 (CCS),"250,0",049B2A0058C958EF96B077BA307E82792A156BF2E5E2AE31E115EB6304B6CDDBA581E2C1B93630ED6C8EBCF76059C391A9FB346F57913AA488642B6A3FAABEE225,,,,,,,,,,,,,,,
Tesla Germany GmbH,,Osdorfer Landstrasse,131-135,,22609.0,Hamburg,Kreisfreie Stadt Hamburg,Hamburg,53.5716060,9.8608330,2023-04-05,"250,0",Schnellladeeinrichtung,1.0,DC Fahrzeugkupplung Typ Combo 2 (CCS),"250,0",04D04355D7A69F176FDF9C5F003AC1641ED9FD51FA0112BA180C7E34CEC208671633AC3C1EB39F31BAD043E395D323C88EBEB5750906C6BA1AF55FECE866FCCB1F,,,,,,,,,,,,,,,
Tesla Germany GmbH,,Osdorfer Landstrasse,131-135,,22609.0,Hamburg,Kreisfreie Stadt Hamburg,Hamburg,53.5716060,9.8608330,2023-04-05,"250,0",Schnellladeeinrichtung,1.0,DC Fahrzeugkupplung Typ Combo 2 (CCS),"250,0",04799624300EF8090D81EAC5D7AD5FD0A9A25E1621313B1EF6AD229341726C653A7C7933BBDA06B9D2BCA0F13DEF376F02C218950147BC57B5A5BB99303E12B17B,,,,,,,,,,,,,,,
Tesla Germany GmbH,,Osdorfer Landstrasse,131-135,,22609.0,Hamburg,Kreisfreie Stadt Hamburg,Hamburg,53.5716060,9.8608330,2023-04-05,"250,0",Schnellladeeinrichtung,1.0,DC Fahrzeugkupplung Typ Combo 2 (CCS),"250,0",0470C2CBB77EC2DD9970CC5788D032EC9390934C1560EE123D1FF24BA6F912CBF7D54E4A23E1CBBB4BF5342A3212EA9CF17986277424BC939BA2CF5C2B63D1BF6E,,,,,,,,,,,,,,,
Tesla Germany GmbH,,Osdorfer Landstrasse,131-135,,22609.0,Hamburg,Kreisfreie Stadt Hamburg,Hamburg,53.5716060,9.8608330,2023-04-05,"250,0",Schnellladeeinrichtung,1.0,DC Fahrzeugkupplung Typ Combo 2 (CCS),"250,0",04151E219EBE7A24360FA76A22EF45EEE4DBACEF88569FF9046359A0E417A270D2460976BDBA9734E04D5EF408BCA78BA6B66A9CB713ADD9BD456EC88F764A4475,,,,,,,,,,,,,,,
Tesla Germany GmbH,,Osdorfer Landstrasse,131-135,,22609.0,Hamburg,Kreisfreie Stadt Hamburg,Hamburg,53.5716060,9.8608330,2023-04-05,"250,0",Schnellladeeinrichtung,1.0,DC Fahrzeugkupplung Typ Combo 2 (CCS),"250,0",040602DFAD44FE604B5BAA8330BC6DE3932FD6C4D126BC26B01798E7FD2029A2B11F38CE5C029CBB1A0B776790C224E3C5EDC749DE7E66B9BFBDF25A469C5E3258,,,,,,,,,,,,,,,
Tesla Germany GmbH,,Osdorfer Landstrasse,131-135,,22609.0,Hamburg,Kreisfreie Stadt Hamburg,Hamburg,53.5716060,9.8608330,2023-04-05,"250,0",Schnellladeeinrichtung,1.0,DC Fahrzeugkupplung Typ Combo 2 (CCS),"250,0",047C378FC5D232DA76D7797D0B68C957F29869CF533C553A0BFEC73A291F9BBD65086BB6236269775EFE8C77B105AF4F601879A2EC909D90C78ABD9D9904C39033,,,,,,,,,,,,,,,
Tesla Germany GmbH,,Osdorfer Landstrasse,131-135,,22609.0,Hamburg,Kreisfreie Stadt Hamburg,Hamburg,53.5716060,9.8608330,2023-04-05,"250,0",Schnellladeeinrichtung,1.0,DC Fahrzeugkupplung Typ Combo 2 (CCS),"250,0",0449E5E41D54BF0459B275A2A2A1E30E9099D188DA7C198B0328CA08C31A0D773328ED8D5FE04760BC78E63A1C89F3A26F8135BE9A2722330DF0229131719DEFBD,,,,,,,,,,,,,,,
Tesla Germany GmbH,,Osdorfer Landstrasse,131-135,,22609.0,Hamburg,Kreisfreie Stadt Hamburg,Hamburg,53.5716060,9.8608330,2023-04-05,"250,0",Schnellladeeinrichtung,1.0,DC Fahrzeugkupplung Typ Combo 2 (CCS),"250,0",04E757DA4B94357FF6DB3D6287C71F2D826968B5127AB5082E37EE9CFC9C77C8036BFB39B54BDEF1CF4CF341A6BF1926DC753A1CD1417FE2576E1C57D8799443E9,,,,,,,,,,,,,,,
Tesla Germany GmbH,,Osdorfer Landstrasse,131-135,,22609.0,Hamburg,Kreisfreie Stadt Hamburg,Hamburg,53.5716060,9.8608330,2023-04-05,"250,0",Schnellladeeinrichtung,1.0,DC Fahrzeugkupplung Typ Combo 2 (CCS),"250,0",04792F6361613B50395E9F7F779C8E65F7A01A14BF993E58AF51871E19212F010BA82E6E9C5922B1BBF4F467877397BC485B6BCE14B4371C611598FF487B672A93,,,,,,,,,,,,,,,
Tesla Germany GmbH,,Osdorfer Landstrasse,131-135,,22609.0,Hamburg,Kreisfreie Stadt Hamburg,Hamburg,53.5716060,9.8608330,2023-04-05,"250,0",Schnellladeeinrichtung,1.0,DC Fahrzeugkupplung Typ Combo 2 (CCS),"250,0",04447F5549B921DEA91D903DA1079B3B3CC5D8488FE2AB24781CBD54D9D6ED63B9DEC418E766644B254604662CBE5FAD0B29BCEF775789B2E3CDB26D6297E4CAE9,,,,,,,,,,,,,,,
Tesla Germany GmbH,,Osdorfer Landstrasse,131-135,,22609.0,Hamburg,Kreisfreie Stadt Hamburg,Hamburg,53.5716060,9.8608330,2023-04-05,"250,0",Schnellladeeinrichtung,1.0,DC Fahrzeugkupplung Typ Combo 2 (CCS),"250,0",04A3AB3ABFDD6788F16F4284A4A8881DEB837547C45131F440386166A0743A7859378420C462E893BEEDC8B409D868FCFD0D8071A50673257DEB6858BFFA3704B9,,,,,,,,,,,,,,,
Jolt Energy GmbH,Jolt Energy GmbH,Theodorstr.,1,,22761.0,Hamburg,Kreisfreie Stadt Hamburg,Hamburg,53.566037,9.896715,2023-01-11,320,Schnellladeeinrichtung,2.0,DC Fahrzeugkupplung Typ Combo 2 (CCS),160,,DC Fahrzeugkupplung Typ Combo 2 (CCS),160,,,,,,,,,,,,,
Jolt Energy GmbH,Jolt Energy GmbH,Theodorstr.,1,,22761.0,Hamburg,Kreisfreie Stadt Hamburg,Hamburg,53.565985,9.89613,2023-12-17,300,Schnellladeeinrichtung,2.0,DC Fahrzeugkupplung Typ Combo 2 (CCS),150,,DC Fahrzeugkupplung Typ Combo 2 (CCS),150,,,,,,,,,,,,,
EWE Go GmbH,EWE Go GmbH,Stresemannstrasse,354,,22761.0,Hamburg,Kreisfreie Stadt Hamburg,Hamburg,53.563574,9.924089,2021-09-02,160,Schnellladeeinrichtung,2.0,DC Fahrzeugkupplung Typ Combo 2 (CCS),150,,DC Fahrzeugkupplung Typ Combo 2 (CCS),150,,,,,,,,,,,,,
Couche-Tard Deutschland GmbH & Co.KG,Circle K Deutschland,Andreas- Meyer- Strasse,63,,22761.0,Hamburg/ Moorfleet,Kreisfreie Stadt Hamburg,Hamburg,53.514264,10.089733,2020-11-12,122,Schnellladeeinrichtung,3.0,AC Typ 2 Steckdose,22,,DC Fahrzeugkupplung Typ Combo 2 (CCS),50,,DC Fahrzeugkupplung Typ Combo 2 (CCS),50,,,,,,,,,,
Lidl Dienstleistung GmbH & Co. KGe,Lidl,Bahrenfelder Chausee,41,LDE_1422_22747,22761.0,Hamburg,Kreisfreie Stadt Hamburg,Hamburg,53.564737,9.914826,2021-02-09,50,Schnellladeeinrichtung,3.0,AC Typ 2 Fahrzeugkupplung; DC Fahrzeugkupplung Typ Combo 2 (CCS),50,,AC Typ 2 Fahrzeugkupplung; DC CHAdeMO,50,,AC Typ 2 Steckdose; AC Typ 2 Fahrzeugkupplung,22,,,,,,,,,,
BP Europa SE,Aral Pulse,Stresemannstrasse,329,,22761.0,Hamburg,Kreisfreie Stadt Hamburg,Hamburg,53.563814,9.925584,2023-02-28,300,Schnellladeeinrichtung,2.0,DC Fahrzeugkupplung Typ Combo 2 (CCS); DC CHAdeMO,300,,DC Fahrzeugkupplung Typ Combo 2 (CCS),300,,,,,,,,,,,,,
Hamburger Energiewerke Mobil GmbH,HEnW-Mobil,Daimlerstr.,3,,22763.0,Hamburg,Kreisfreie Stadt Hamburg,Hamburg,53.556545,9.921305,2022-03-30,150,Schnellladeeinrichtung,3.0,DC Fahrzeugkupplung Typ Combo 2 (CCS),150,,DC Fahrzeugkupplung Typ Combo 2 (CCS),150,,AC Typ 2 Steckdose,22,,,,,,,,,,
Lidl Dienstleistung GmbH & Co. KGe,Lidl,Behringstr.,154,LDE_1406_22748,22763.0,Hamburg,Kreisfreie Stadt Hamburg,Hamburg,53.557086,9.903002,2020-11-20,50,Schnellladeeinrichtung,3.0,AC Typ 2 Steckdose; AC Typ 2 Fahrzeugkupplung,22,,AC Typ 2 Fahrzeugkupplung; DC Fahrzeugkupplung Typ Combo 2 (CCS),50,,AC Typ 2 Fahrzeugkupplung; DC CHAdeMO,50,,,,,,,,,,
Hamburger Energiewerke Mobil GmbH,HEnW-Mobil,Felicitas-Kukuck-Str.,11,,22765.0,Hamburg,Kreisfreie Stadt Hamburg,Hamburg,53.559246,9.937826,2023-09-29,150,Schnellladeeinrichtung,2.0,DC Fahrzeugkupplung Typ Combo 2 (CCS),150,,DC Fahrzeugkupplung Typ Combo 2 (CCS),150,,,,,,,,,,,,,
Shell Deutschland GmbH,,Kï¿½nigstrasse,22,,22767.0,Hamburg,Kreisfreie Stadt Hamburg,Hamburg,53.54856,9.94419,2021-03-19,175,Schnellladeeinrichtung,1.0,DC Fahrzeugkupplung Typ Combo 2 (CCS); DC CHAdeMO,175,,,,,,,,,,,,,,,,
Shell Deutschland GmbH,,Kï¿½nigstrasse,22,,22767.0,Hamburg,Kreisfreie Stadt Hamburg,Hamburg,53.54856,9.94419,2021-03-19,175,Schnellladeeinrichtung,1.0,DC Fahrzeugkupplung Typ Combo 2 (CCS); DC CHAdeMO,175,,,,,,,,,,,,,,,,
Comfortcharge GmbH,Comfort Charge,Langenfelder Str.,122,,22769.0,Hamburg,Kreisfreie Stadt Hamburg,Hamburg,53.56874,9.94522,2020-01-25,100,Schnellladeeinrichtung,4.0,DC Fahrzeugkupplung Typ Combo 2 (CCS),100,,AC Typ 2 Steckdose,22,,AC Typ 2 Fahrzeugkupplung,22,,DC Fahrzeugkupplung Typ Combo 2 (CCS),100,,,,,,,
